,category,subcategory,type,projectCategory,constructionCategory,source,id,createdAt,updatedAt,_rid,_self,_etag,_attachments,pkType,pkFilter,_ts,accountId,updatedById
0,1,10,"Warehouse (10 percent maximum office area, but not exceeding 600 sq. m)",Offices & Warehouses,Commercial,0,709e86bb-a2bf-4fbe-bffd-dc8540df83cb,2022-01-18T21:37:24.3392757+00:00,2022-01-18T21:37:24.3392757+00:00,VOd7ALuXooIm7wAAAAAAAA==,dbs/VOd7AA==/colls/VOd7ALuXooI=/docs/VOd7ALuXooIm7wAAAAAAAA==/,"""2a006f8e-0000-0200-0000-676c82be0000""",attachments/,projectType,20240330,1735164606,,
1,1,11,"Large Mercantile Store,",Retail,Commercial,0,1a3d5500-bcf3-4784-8109-b79d00a1f912,2022-01-18T21:37:24.3738013+00:00,2022-01-18T21:37:24.3738014+00:00,VOd7ALuXooIn7wAAAAAAAA==,dbs/VOd7AA==/colls/VOd7ALuXooI=/docs/VOd7ALuXooIn7wAAAAAAAA==/,"""2a00708e-0000-0200-0000-676c82be0000""",attachments/,projectType,20240330,1735164606,,
2,1,12,Factory (excluding tenant fit-up),Retail,Commercial,0,746ad014-c257-4fb2-be68-41345151ffdc,2022-01-18T21:37:24.4715998+00:00,2022-01-18T21:37:24.4715999+00:00,VOd7ALuXooIo7wAAAAAAAA==,dbs/VOd7AA==/colls/VOd7ALuXooI=/docs/VOd7ALuXooIo7wAAAAAAAA==/,"""2a00718e-0000-0200-0000-676c82be0000""",attachments/,projectType,20240330,1735164606,,
3,1,13,Warehouses,Offices & Warehouses,Commercial,0,ef6fbea4-fbd0-4dd3-a4d9-497e8dbdfe14,2022-01-18T21:37:24.571565+00:00,2022-01-18T21:37:24.571565+00:00,VOd7ALuXooIp7wAAAAAAAA==,dbs/VOd7AA==/colls/VOd7ALuXooI=/docs/VOd7ALuXooIp7wAAAAAAAA==/,"""2a00728e-0000-0200-0000-676c82be0000""",attachments/,projectType,20240330,1735164606,,
4,1,14,Barn,Offices & Warehouses,Commercial,0,dc079f6a-b0cf-41f8-a173-0cc055f87d5a,2022-01-18T21:37:24.6713281+00:00,2022-01-18T21:37:24.6713281+00:00,VOd7ALuXooIq7wAAAAAAAA==,dbs/VOd7AA==/colls/VOd7ALuXooI=/docs/VOd7ALuXooIq7wAAAAAAAA==/,"""2a00738e-0000-0200-0000-676c82be0000""",attachments/,projectType,20240330,1735164606,,
5,1,15,Stable,Offices & Warehouses,Commercial,0,404a7126-5f9e-4150-babc-0bf294a9bde5,2022-01-18T21:37:24.7722841+00:00,2022-01-18T21:37:24.7722842+00:00,VOd7ALuXooIr7wAAAAAAAA==,dbs/VOd7AA==/colls/VOd7ALuXooI=/docs/VOd7ALuXooIr7wAAAAAAAA==/,"""2a00748e-0000-0200-0000-676c82be0000""",attachments/,projectType,20240330,1735164606,,
6,1,16,Storage,Offices & Warehouses,Commercial,0,ca3fdeb8-12e1-41a9-88cb-dcda7ea174d6,2022-01-18T21:37:24.8715026+00:00,2022-01-18T21:37:24.8715027+00:00,VOd7ALuXooIs7wAAAAAAAA==,dbs/VOd7AA==/colls/VOd7ALuXooI=/docs/VOd7ALuXooIs7wAAAAAAAA==/,"""2a00758e-0000-0200-0000-676c82be0000""",attachments/,projectType,20240330,1735164606,,
7,1,17,Kennels,Veterinary,Commercial,0,43a853fd-6402-423c-bd4d-594c75e951d2,2022-01-18T21:37:24.9735262+00:00,2022-01-18T21:37:24.9735262+00:00,VOd7ALuXooIt7wAAAAAAAA==,dbs/VOd7AA==/colls/VOd7ALuXooI=/docs/VOd7ALuXooIt7wAAAAAAAA==/,"""2a00768e-0000-0200-0000-676c82be0000""",attachments/,projectType,20240330,1735164606,,
8,1,18,Shed,Offices & Warehouses,Commercial,0,1272c008-9fa2-427b-876d-400d1629846c,2022-01-18T21:37:25.0716843+00:00,2022-01-18T21:37:25.0716844+00:00,VOd7ALuXooIu7wAAAAAAAA==,dbs/VOd7AA==/colls/VOd7ALuXooI=/docs/VOd7ALuXooIu7wAAAAAAAA==/,"""2a00778e-0000-0200-0000-676c82bf0000""",attachments/,projectType,20240330,1735164607,,
9,1,19,Parking Garages (free-standing),Transportation,Commercial,0,7c26a6e2-a2bd-40a6-926c-8cd457372818,2022-01-18T21:37:25.1716624+00:00,2022-01-18T21:37:25.1716625+00:00,VOd7ALuXooIv7wAAAAAAAA==,dbs/VOd7AA==/colls/VOd7ALuXooI=/docs/VOd7ALuXooIv7wAAAAAAAA==/,"""2a00788e-0000-0200-0000-676c82bf0000""",attachments/,projectType,20240330,1735164607,,
10,1,20,Shopping Centers,Retail,Commercial,0,14230e5f-a0c3-413d-b70b-4005ef386d47,2022-01-18T21:37:25.2712635+00:00,2022-01-18T21:37:25.2712635+00:00,VOd7ALuXooIw7wAAAAAAAA==,dbs/VOd7AA==/colls/VOd7ALuXooI=/docs/VOd7ALuXooIw7wAAAAAAAA==/,"""2a00798e-0000-0200-0000-676c82bf0000""",attachments/,projectType,20240330,1735164607,,
11,1,21,Pavement Markers,Civil,"Civil, Infrastructure & Landscaping",1,cf75c0b4-e98e-46ec-b781-85c96f1933ef,2022-01-18T21:37:25.3863702+00:00,2022-01-18T21:37:25.3863703+00:00,VOd7ALuXooIx7wAAAAAAAA==,dbs/VOd7AA==/colls/VOd7ALuXooI=/docs/VOd7ALuXooIx7wAAAAAAAA==/,"""2a007a8e-0000-0200-0000-676c82bf0000""",attachments/,projectType,20240330,1735164607,,
12,1,22,Parks & Landscaping,Site Work & Landscaping,"Civil, Infrastructure & Landscaping",1,57aa15a7-1f8f-4590-9c31-2cc20266fec9,2022-01-18T21:37:25.4833495+00:00,2022-01-18T21:37:25.4833496+00:00,VOd7ALuXooIy7wAAAAAAAA==,dbs/VOd7AA==/colls/VOd7ALuXooI=/docs/VOd7ALuXooIy7wAAAAAAAA==/,"""2a007b8e-0000-0200-0000-676c82bf0000""",attachments/,projectType,20240330,1735164607,,
13,1,23,"Sidewalks, Curbs & Gutters",Water & Sewer,"Civil, Infrastructure & Landscaping",1,a45b2762-87cd-47be-8b1f-006ccbb8a335,2022-01-18T21:37:25.5853278+00:00,2022-01-18T21:37:25.5853279+00:00,VOd7ALuXooIz7wAAAAAAAA==,dbs/VOd7AA==/colls/VOd7ALuXooI=/docs/VOd7ALuXooIz7wAAAAAAAA==/,"""2a007c8e-0000-0200-0000-676c82bf0000""",attachments/,projectType,20240330,1735164607,,
14,1,24,Park Buildings,Government,Commercial,1,a5b5e585-1161-4865-a4d1-bf1b8fb82efc,2022-01-18T21:37:25.6853152+00:00,2022-01-18T21:37:25.6853152+00:00,VOd7ALuXooI07wAAAAAAAA==,dbs/VOd7AA==/colls/VOd7ALuXooI=/docs/VOd7ALuXooI07wAAAAAAAA==/,"""2a007d8e-0000-0200-0000-676c82bf0000""",attachments/,projectType,20240330,1735164607,,
15,1,25,Rental Warehouses,Offices & Warehouses,Commercial,1,febffebc-f100-433a-9b9a-fad74b49cc0b,2022-01-18T21:37:25.7845034+00:00,2022-01-18T21:37:25.7845034+00:00,VOd7ALuXooI17wAAAAAAAA==,dbs/VOd7AA==/colls/VOd7ALuXooI=/docs/VOd7ALuXooI17wAAAAAAAA==/,"""2a007e8e-0000-0200-0000-676c82bf0000""",attachments/,projectType,20240330,1735164607,,
16,1,26,Fast Food Restaurants,Restaurants,Commercial,1,470bcd43-a947-441e-955f-6aced4d50cb9,2022-01-18T21:37:25.8832082+00:00,2022-01-18T21:37:25.8832082+00:00,VOd7ALuXooI27wAAAAAAAA==,dbs/VOd7AA==/colls/VOd7ALuXooI=/docs/VOd7ALuXooI27wAAAAAAAA==/,"""2a007f8e-0000-0200-0000-676c82bf0000""",attachments/,projectType,20240330,1735164607,,
17,2,10,Multi Housing,Residential,Commercial,0,a4f0bfd4-6651-4788-af41-95e86366747a,2022-01-18T21:37:25.9923578+00:00,2022-01-18T21:37:25.9923579+00:00,VOd7ALuXooI37wAAAAAAAA==,dbs/VOd7AA==/colls/VOd7ALuXooI=/docs/VOd7ALuXooI37wAAAAAAAA==/,"""2a00808e-0000-0200-0000-676c82bf0000""",attachments/,projectType,20240330,1735164607,,
18,2,11,Apartments,Residential,Commercial,0,c5439cb1-d721-4a13-b7b4-2364033e4766,2022-01-18T21:37:26.0822015+00:00,2022-01-18T21:37:26.0822015+00:00,VOd7ALuXooI47wAAAAAAAA==,dbs/VOd7AA==/colls/VOd7ALuXooI=/docs/VOd7ALuXooI47wAAAAAAAA==/,"""2a00818e-0000-0200-0000-676c82bf0000""",attachments/,projectType,20240330,1735164607,,
19,2,12,Single Family Homes,Residential,Commercial,0,2b913698-d4f2-456d-853c-07ca2852f84f,2022-01-18T21:37:26.1832955+00:00,2022-01-18T21:37:26.1832956+00:00,VOd7ALuXooI57wAAAAAAAA==,dbs/VOd7AA==/colls/VOd7ALuXooI=/docs/VOd7ALuXooI57wAAAAAAAA==/,"""2a00828e-0000-0200-0000-676c82bf0000""",attachments/,projectType,20240330,1735164607,,
20,2,13,Single Family Tract Homes,Residential,Commercial,0,4aea1ace-31b7-46ff-886a-3f8cd530b6f3,2022-01-18T21:37:26.2836427+00:00,2022-01-18T21:37:26.2836428+00:00,VOd7ALuXooI67wAAAAAAAA==,dbs/VOd7AA==/colls/VOd7ALuXooI=/docs/VOd7ALuXooI67wAAAAAAAA==/,"""2a00838e-0000-0200-0000-676c82bf0000""",attachments/,projectType,20240330,1735164607,,
21,2,14,Town Homes,Residential,Commercial,0,7f2100ad-bf90-452f-907a-e941679c8969,2022-01-18T21:37:26.3844494+00:00,2022-01-18T21:37:26.3844495+00:00,VOd7ALuXooI77wAAAAAAAA==,dbs/VOd7AA==/colls/VOd7ALuXooI=/docs/VOd7ALuXooI77wAAAAAAAA==/,"""2a00848e-0000-0200-0000-676c82bf0000""",attachments/,projectType,20240330,1735164607,,
22,2,15,Condominiums,Residential,Commercial,0,a2984e5d-0f4e-4469-9c51-9bf6ce193548,2022-01-18T21:37:26.4834041+00:00,2022-01-18T21:37:26.4834041+00:00,VOd7ALuXooI87wAAAAAAAA==,dbs/VOd7AA==/colls/VOd7ALuXooI=/docs/VOd7ALuXooI87wAAAAAAAA==/,"""2a00858e-0000-0200-0000-676c82bf0000""",attachments/,projectType,20240330,1735164607,,
23,2,16,Co-operative and Rental Apartment Building,Residential,Commercial,0,df76d2ca-e471-4e8b-99d7-3f3cad226c3f,2022-01-18T21:37:26.58503+00:00,2022-01-18T21:37:26.5850301+00:00,VOd7ALuXooI97wAAAAAAAA==,dbs/VOd7AA==/colls/VOd7ALuXooI=/docs/VOd7ALuXooI97wAAAAAAAA==/,"""2a00868e-0000-0200-0000-676c82bf0000""",attachments/,projectType,20240330,1735164607,,
24,2,17,Institutional Residence,Residential,Commercial,0,352c647b-93d1-4ab1-9e6c-a4c514539c6e,2022-01-18T21:37:26.6846884+00:00,2022-01-18T21:37:26.6846885+00:00,VOd7ALuXooI+7wAAAAAAAA==,dbs/VOd7AA==/colls/VOd7ALuXooI=/docs/VOd7ALuXooI+7wAAAAAAAA==/,"""2a00878e-0000-0200-0000-676c82bf0000""",attachments/,projectType,20240330,1735164607,,
25,2,18,Dormitories,Educational,Commercial,0,28c71025-4401-4fe4-8e72-5a9047ad153d,2022-01-18T21:37:26.7843735+00:00,2022-01-18T21:37:26.7843736+00:00,VOd7ALuXooI-7wAAAAAAAA==,dbs/VOd7AA==/colls/VOd7ALuXooI=/docs/VOd7ALuXooI-7wAAAAAAAA==/,"""2a00888e-0000-0200-0000-676c82bf0000""",attachments/,projectType,20240330,1735164607,,
26,2,19,Dormitories,Military,Commercial,0,406ad5c7-30ba-4665-b9a4-df15bf97cf4b,2022-01-18T21:37:26.8833708+00:00,2022-01-18T21:37:26.8833709+00:00,VOd7ALuXooJA7wAAAAAAAA==,dbs/VOd7AA==/colls/VOd7ALuXooI=/docs/VOd7ALuXooJA7wAAAAAAAA==/,"""2a00898e-0000-0200-0000-676c82bf0000""",attachments/,projectType,20240330,1735164607,,
27,2,20,Parks Bunkhouse,Residential,Commercial,0,b34aabfa-186e-4165-a4bf-21662d8d33fa,2022-01-18T21:37:26.983431+00:00,2022-01-18T21:37:26.9834311+00:00,VOd7ALuXooJB7wAAAAAAAA==,dbs/VOd7AA==/colls/VOd7ALuXooI=/docs/VOd7ALuXooJB7wAAAAAAAA==/,"""2a008a8e-0000-0200-0000-676c82bf0000""",attachments/,projectType,20240330,1735164607,,
28,2,21,Motel,Hotels & Motels,Commercial,0,43869fc8-d095-4732-ac8d-1b5fc1d8b2c7,2022-01-18T21:37:27.0835382+00:00,2022-01-18T21:37:27.0835382+00:00,VOd7ALuXooJC7wAAAAAAAA==,dbs/VOd7AA==/colls/VOd7ALuXooI=/docs/VOd7ALuXooJC7wAAAAAAAA==/,"""2a008b8e-0000-0200-0000-676c82bf0000""",attachments/,projectType,20240330,1735164607,,
29,2,22,Motor Inn,Hotels & Motels,Commercial,0,d87061f3-feea-400a-a729-1e4df12d6e23,2022-01-18T21:37:27.183353+00:00,2022-01-18T21:37:27.1833531+00:00,VOd7ALuXooJD7wAAAAAAAA==,dbs/VOd7AA==/colls/VOd7ALuXooI=/docs/VOd7ALuXooJD7wAAAAAAAA==/,"""2a008c8e-0000-0200-0000-676c82bf0000""",attachments/,projectType,20240330,1735164607,,
30,2,23,Demolition,Civil,"Civil, Infrastructure & Landscaping",1,80426637-ad8c-4010-9beb-fe6996604466,2022-01-18T21:37:27.2837377+00:00,2022-01-18T21:37:27.2837379+00:00,VOd7ALuXooJE7wAAAAAAAA==,dbs/VOd7AA==/colls/VOd7ALuXooI=/docs/VOd7ALuXooJE7wAAAAAAAA==/,"""2a008d8e-0000-0200-0000-676c82bf0000""",attachments/,projectType,20240330,1735164607,,
31,2,24,Military Non Building,Civil,"Civil, Infrastructure & Landscaping",1,ce03b33f-4fab-438c-8d3c-e07b962947dd,2022-01-18T21:37:27.4051059+00:00,2022-01-18T21:37:27.4051059+00:00,VOd7ALuXooJF7wAAAAAAAA==,dbs/VOd7AA==/colls/VOd7ALuXooI=/docs/VOd7ALuXooJF7wAAAAAAAA==/,"""2a008e8e-0000-0200-0000-676c82bf0000""",attachments/,projectType,20240330,1735164607,,
32,2,25,Athletic Fields,Site Work & Landscaping,"Civil, Infrastructure & Landscaping",1,8b80b045-c26e-4de9-a01c-5b9b7c0d0692,2022-01-18T21:37:27.4822016+00:00,2022-01-18T21:37:27.4822016+00:00,VOd7ALuXooJG7wAAAAAAAA==,dbs/VOd7AA==/colls/VOd7ALuXooI=/docs/VOd7ALuXooJG7wAAAAAAAA==/,"""2a008f8e-0000-0200-0000-676c82bf0000""",attachments/,projectType,20240330,1735164607,,
33,2,26,Excavating & Grading,Site Work & Landscaping,"Civil, Infrastructure & Landscaping",1,63879f67-3d3d-4b01-82c2-91340e17b374,2022-01-18T21:37:27.5833766+00:00,2022-01-18T21:37:27.5833766+00:00,VOd7ALuXooJH7wAAAAAAAA==,dbs/VOd7AA==/colls/VOd7ALuXooI=/docs/VOd7ALuXooJH7wAAAAAAAA==/,"""2a00908e-0000-0200-0000-676c82bf0000""",attachments/,projectType,20240330,1735164607,,
34,2,27,Fencing,Site Work & Landscaping,"Civil, Infrastructure & Landscaping",1,67695c26-6377-4c69-88a8-440bc7f64a27,2022-01-18T21:37:27.6794725+00:00,2022-01-18T21:37:27.6794726+00:00,VOd7ALuXooJI7wAAAAAAAA==,dbs/VOd7AA==/colls/VOd7ALuXooI=/docs/VOd7ALuXooJI7wAAAAAAAA==/,"""2a00918e-0000-0200-0000-676c82c00000""",attachments/,projectType,20240330,1735164608,,
35,2,28,Military Housing,Military,Commercial,1,16fab8da-1aa9-4fc5-b358-735816c1eeaf,2022-01-18T21:37:27.7782951+00:00,2022-01-18T21:37:27.7782951+00:00,VOd7ALuXooJJ7wAAAAAAAA==,dbs/VOd7AA==/colls/VOd7ALuXooI=/docs/VOd7ALuXooJJ7wAAAAAAAA==/,"""2a00928e-0000-0200-0000-676c82c00000""",attachments/,projectType,20240330,1735164608,,
36,2,29,Military Offices,Military,Commercial,1,261b7cd8-3acd-4300-9e57-9343ad4966e3,2022-01-18T21:37:27.8794183+00:00,2022-01-18T21:37:27.8794183+00:00,VOd7ALuXooJK7wAAAAAAAA==,dbs/VOd7AA==/colls/VOd7ALuXooI=/docs/VOd7ALuXooJK7wAAAAAAAA==/,"""2a00938e-0000-0200-0000-676c82c00000""",attachments/,projectType,20240330,1735164608,,
37,2,30,Miscellaneous Military,Military,Commercial,1,4debf919-f32a-43d8-8220-f772e0244a84,2022-01-18T21:37:27.9808498+00:00,2022-01-18T21:37:27.9808499+00:00,VOd7ALuXooJL7wAAAAAAAA==,dbs/VOd7AA==/colls/VOd7ALuXooI=/docs/VOd7ALuXooJL7wAAAAAAAA==/,"""2a00948e-0000-0200-0000-676c82c00000""",attachments/,projectType,20240330,1735164608,,
38,2,31,Auto Parts Stores,Retail,Commercial,1,a1691b74-143a-45c2-9b35-4afbe3e7ddfe,2022-01-18T21:37:28.0793248+00:00,2022-01-18T21:37:28.0793248+00:00,VOd7ALuXooJM7wAAAAAAAA==,dbs/VOd7AA==/colls/VOd7ALuXooI=/docs/VOd7ALuXooJM7wAAAAAAAA==/,"""2a00958e-0000-0200-0000-676c82c00000""",attachments/,projectType,20240330,1735164608,,
39,2,32,Convenience Stores,Retail,Commercial,1,c5990826-9176-43af-ab50-2686b28896ed,2022-01-18T21:37:28.1812149+00:00,2022-01-18T21:37:28.181215+00:00,VOd7ALuXooJN7wAAAAAAAA==,dbs/VOd7AA==/colls/VOd7ALuXooI=/docs/VOd7ALuXooJN7wAAAAAAAA==/,"""2a00968e-0000-0200-0000-676c82c00000""",attachments/,projectType,20240330,1735164608,,
40,2,33,Florists and Nurseries,Retail,Commercial,1,2cefcdb6-c5d4-4e8e-bbe2-9b922c88d1af,2022-01-18T21:37:28.2891276+00:00,2022-01-18T21:37:28.2891276+00:00,VOd7ALuXooJO7wAAAAAAAA==,dbs/VOd7AA==/colls/VOd7ALuXooI=/docs/VOd7ALuXooJO7wAAAAAAAA==/,"""2a00978e-0000-0200-0000-676c82c00000""",attachments/,projectType,20240330,1735164608,,
41,2,34,Individual Stores,Retail,Commercial,1,cda01166-713d-403e-a1c6-a50120436d74,2022-01-18T21:37:28.3784578+00:00,2022-01-18T21:37:28.3784579+00:00,VOd7ALuXooJP7wAAAAAAAA==,dbs/VOd7AA==/colls/VOd7ALuXooI=/docs/VOd7ALuXooJP7wAAAAAAAA==/,"""2a00988e-0000-0200-0000-676c82c00000""",attachments/,projectType,20240330,1735164608,,
42,2,35,Mixed Use,Retail,Commercial,1,89439a35-b4bc-4f9e-9fbb-07a2dcbd0f17,2022-01-18T21:37:28.4798501+00:00,2022-01-18T21:37:28.4798502+00:00,VOd7ALuXooJQ7wAAAAAAAA==,dbs/VOd7AA==/colls/VOd7ALuXooI=/docs/VOd7ALuXooJQ7wAAAAAAAA==/,"""2a00998e-0000-0200-0000-676c82c00000""",attachments/,projectType,20240330,1735164608,,
43,2,36,Pet Stores,Retail,Commercial,1,294a4f0b-1323-4379-a287-195684ef8a06,2022-01-18T21:37:28.5797138+00:00,2022-01-18T21:37:28.5797138+00:00,VOd7ALuXooJR7wAAAAAAAA==,dbs/VOd7AA==/colls/VOd7ALuXooI=/docs/VOd7ALuXooJR7wAAAAAAAA==/,"""2a009a8e-0000-0200-0000-676c82c00000""",attachments/,projectType,20240330,1735164608,,
44,2,37,Pharmacies,Retail,Commercial,1,76f67d7d-d114-4fc8-be23-f17fe7dbf49a,2022-01-18T21:37:28.6804342+00:00,2022-01-18T21:37:28.6804343+00:00,VOd7ALuXooJS7wAAAAAAAA==,dbs/VOd7AA==/colls/VOd7ALuXooI=/docs/VOd7ALuXooJS7wAAAAAAAA==/,"""2a009b8e-0000-0200-0000-676c82c00000""",attachments/,projectType,20240330,1735164608,,
45,2,38,Supermarkets,Retail,Commercial,1,1eb850f7-bc55-43f8-8785-4a4be442081a,2022-01-18T21:37:28.7804848+00:00,2022-01-18T21:37:28.7804848+00:00,VOd7ALuXooJT7wAAAAAAAA==,dbs/VOd7AA==/colls/VOd7ALuXooI=/docs/VOd7ALuXooJT7wAAAAAAAA==/,"""2a009c8e-0000-0200-0000-676c82c00000""",attachments/,projectType,20240330,1735164608,,
46,2,39,Athletic Courts,Sports,Commercial,1,1759ccd2-303f-44a6-9ec1-195fb5150427,2022-01-18T21:37:28.8801996+00:00,2022-01-18T21:37:28.8801997+00:00,VOd7ALuXooJU7wAAAAAAAA==,dbs/VOd7AA==/colls/VOd7ALuXooI=/docs/VOd7ALuXooJU7wAAAAAAAA==/,"""2a009d8e-0000-0200-0000-676c82c00000""",attachments/,projectType,20240330,1735164608,,
47,2,40,Recreation Centers,Sports,Commercial,1,ddf5dfa1-dc94-4d1a-a96e-4f2366d13224,2022-01-18T21:37:29.080311+00:00,2022-01-18T21:37:29.0803111+00:00,VOd7ALuXooJV7wAAAAAAAA==,dbs/VOd7AA==/colls/VOd7ALuXooI=/docs/VOd7ALuXooJV7wAAAAAAAA==/,"""2a009e8e-0000-0200-0000-676c82c00000""",attachments/,projectType,20240330,1735164608,,
48,3,10,General Purpose Office Building,Offices & Warehouses,Commercial,0,1aec16bb-8303-437c-b831-878febdb3db6,2022-01-18T21:37:29.1671756+00:00,2022-01-18T21:37:29.1671757+00:00,VOd7ALuXooJW7wAAAAAAAA==,dbs/VOd7AA==/colls/VOd7ALuXooI=/docs/VOd7ALuXooJW7wAAAAAAAA==/,"""2a009f8e-0000-0200-0000-676c82c00000""",attachments/,projectType,20240330,1735164608,,
49,3,11,Bowling Alley,Sports,Commercial,0,5a2fd418-77be-4574-babd-cc9f56640801,2022-01-18T21:37:29.2204957+00:00,2022-01-18T21:37:29.2204958+00:00,VOd7ALuXooJX7wAAAAAAAA==,dbs/VOd7AA==/colls/VOd7ALuXooI=/docs/VOd7ALuXooJX7wAAAAAAAA==/,"""2a00a08e-0000-0200-0000-676c82c00000""",attachments/,projectType,20240330,1735164608,,
50,3,12,Drill Hall,Military,Commercial,0,6eb601f2-f3b0-4636-8074-c0e0871a1292,2022-01-18T21:37:29.3182232+00:00,2022-01-18T21:37:29.3182233+00:00,VOd7ALuXooJY7wAAAAAAAA==,dbs/VOd7AA==/colls/VOd7ALuXooI=/docs/VOd7ALuXooJY7wAAAAAAAA==/,"""2a00a18e-0000-0200-0000-676c82c00000""",attachments/,projectType,20240330,1735164608,,
51,3,13,Freight Handling Facility,Retail,Commercial,0,f2764af6-62ee-43dc-847b-644202848d8a,2022-01-18T21:37:29.4223371+00:00,2022-01-18T21:37:29.4223371+00:00,VOd7ALuXooJZ7wAAAAAAAA==,dbs/VOd7AA==/colls/VOd7ALuXooI=/docs/VOd7ALuXooJZ7wAAAAAAAA==/,"""2a00a28e-0000-0200-0000-676c82c00000""",attachments/,projectType,20240330,1735164608,,
52,3,14,Marina,Civil,"Civil, Infrastructure & Landscaping",0,9e2f02b4-fbfc-4f90-a971-36a9127af1e8,2022-01-18T21:37:29.518633+00:00,2022-01-18T21:37:29.5186331+00:00,VOd7ALuXooJa7wAAAAAAAA==,dbs/VOd7AA==/colls/VOd7ALuXooI=/docs/VOd7ALuXooJa7wAAAAAAAA==/,"""2a00a38e-0000-0200-0000-676c82c00000""",attachments/,projectType,20240330,1735164608,,
53,3,15,Resort Building,Hotels & Motels,Commercial,0,5bd08ce8-46c4-4109-9515-70ab5a0aa05e,2022-01-18T21:37:29.6212963+00:00,2022-01-18T21:37:29.6212964+00:00,VOd7ALuXooJb7wAAAAAAAA==,dbs/VOd7AA==/colls/VOd7ALuXooI=/docs/VOd7ALuXooJb7wAAAAAAAA==/,"""2a00a48e-0000-0200-0000-676c82c00000""",attachments/,projectType,20240330,1735164608,,
54,3,16,Summer Camp,Retail,Commercial,0,13d756be-a860-4be9-b85b-1effb500a3ac,2022-01-18T21:37:29.7194461+00:00,2022-01-18T21:37:29.7194461+00:00,VOd7ALuXooJc7wAAAAAAAA==,dbs/VOd7AA==/colls/VOd7ALuXooI=/docs/VOd7ALuXooJc7wAAAAAAAA==/,"""2a00a58e-0000-0200-0000-676c82c00000""",attachments/,projectType,20240330,1735164608,,
55,3,17,Trailer Park,Residential,Commercial,0,984341b2-922e-4644-a779-76c8dc49ebb3,2022-01-18T21:37:29.8185071+00:00,2022-01-18T21:37:29.8185071+00:00,VOd7ALuXooJd7wAAAAAAAA==,dbs/VOd7AA==/colls/VOd7ALuXooI=/docs/VOd7ALuXooJd7wAAAAAAAA==/,"""2a00a68e-0000-0200-0000-676c82c00000""",attachments/,projectType,20240330,1735164608,,
56,3,18,Day Care Centers,Educational,Commercial,0,1fbeee65-721a-466e-b42a-14d9a1a371d0,2022-01-18T21:37:29.9194796+00:00,2022-01-18T21:37:29.9194797+00:00,VOd7ALuXooJe7wAAAAAAAA==,dbs/VOd7AA==/colls/VOd7ALuXooI=/docs/VOd7ALuXooJe7wAAAAAAAA==/,"""2a00a78e-0000-0200-0000-676c82c00000""",attachments/,projectType,20240330,1735164608,,
57,3,19,Elementary Schools,Educational,Commercial,0,ed767a27-621a-40c6-892c-980e790a75e6,2022-01-18T21:37:30.0214906+00:00,2022-01-18T21:37:30.0214907+00:00,VOd7ALuXooJf7wAAAAAAAA==,dbs/VOd7AA==/colls/VOd7ALuXooI=/docs/VOd7ALuXooJf7wAAAAAAAA==/,"""2a00a88e-0000-0200-0000-676c82c00000""",attachments/,projectType,20240330,1735164608,,
58,3,20,Aircraft De-Icing Station,Industrial,Commercial,0,907dbfcc-f92d-4033-864d-469f8cbf22b3,2022-01-18T21:37:30.1193076+00:00,2022-01-18T21:37:30.1193077+00:00,VOd7ALuXooJg7wAAAAAAAA==,dbs/VOd7AA==/colls/VOd7ALuXooI=/docs/VOd7ALuXooJg7wAAAAAAAA==/,"""2a00a98e-0000-0200-0000-676c82c00000""",attachments/,projectType,20240330,1735164608,,
59,3,21,Aircraft Garbage Dump Station,Industrial,Commercial,0,ad53392b-01ae-4042-9a50-62474138ceba,2022-01-18T21:37:30.2203019+00:00,2022-01-18T21:37:30.220302+00:00,VOd7ALuXooJh7wAAAAAAAA==,dbs/VOd7AA==/colls/VOd7ALuXooI=/docs/VOd7ALuXooJh7wAAAAAAAA==/,"""2a00aa8e-0000-0200-0000-676c82c00000""",attachments/,projectType,20240330,1735164608,,
60,3,22,Aircraft Hangar,Transportation,Commercial,0,17713c98-0b47-44b4-b45c-28860e4c8e8e,2022-01-18T21:37:30.3213272+00:00,2022-01-18T21:37:30.3213273+00:00,VOd7ALuXooJi7wAAAAAAAA==,dbs/VOd7AA==/colls/VOd7ALuXooI=/docs/VOd7ALuXooJi7wAAAAAAAA==/,"""2a00ab8e-0000-0200-0000-676c82c00000""",attachments/,projectType,20240330,1735164608,,
61,3,23,Airport Electronic Maintenance,Industrial,Commercial,0,38024379-16de-434f-85af-25f61e2daaa7,2022-01-18T21:37:30.42152+00:00,2022-01-18T21:37:30.4215201+00:00,VOd7ALuXooJj7wAAAAAAAA==,dbs/VOd7AA==/colls/VOd7ALuXooI=/docs/VOd7ALuXooJj7wAAAAAAAA==/,"""2a00ac8e-0000-0200-0000-676c82c00000""",attachments/,projectType,20240330,1735164608,,
62,3,24,Airport Garbage Incinerator,Industrial,Commercial,0,aa15113c-4d7b-453a-a21e-2ed575ded6ca,2022-01-18T21:37:30.5431834+00:00,2022-01-18T21:37:30.5431835+00:00,VOd7ALuXooJk7wAAAAAAAA==,dbs/VOd7AA==/colls/VOd7ALuXooI=/docs/VOd7ALuXooJk7wAAAAAAAA==/,"""2a00ad8e-0000-0200-0000-676c82c00000""",attachments/,projectType,20240330,1735164608,,
63,3,25,Airport Security Control,Industrial,Commercial,0,b5eaba70-c02a-489d-8f8f-65ce0c0ba7bd,2022-01-18T21:37:30.620172+00:00,2022-01-18T21:37:30.6201721+00:00,VOd7ALuXooJl7wAAAAAAAA==,dbs/VOd7AA==/colls/VOd7ALuXooI=/docs/VOd7ALuXooJl7wAAAAAAAA==/,"""2a00ae8e-0000-0200-0000-676c82c00000""",attachments/,projectType,20240330,1735164608,,
64,3,26,Armoury,Government,Commercial,0,693a171c-7bc8-4598-ae89-df1fbf1c1c1b,2022-01-18T21:37:30.7214731+00:00,2022-01-18T21:37:30.7214732+00:00,VOd7ALuXooJm7wAAAAAAAA==,dbs/VOd7AA==/colls/VOd7ALuXooI=/docs/VOd7ALuXooJm7wAAAAAAAA==/,"""2a00af8e-0000-0200-0000-676c82c00000""",attachments/,projectType,20240330,1735164608,,
65,3,27,Armed Forces Bases and Yard,Government,Commercial,0,53de91f7-2474-4ce4-8744-3cd0a17bd0b1,2022-01-18T21:37:30.8224534+00:00,2022-01-18T21:37:30.8224535+00:00,VOd7ALuXooJn7wAAAAAAAA==,dbs/VOd7AA==/colls/VOd7ALuXooI=/docs/VOd7ALuXooJn7wAAAAAAAA==/,"""2a00b08e-0000-0200-0000-676c82c00000""",attachments/,projectType,20240330,1735164608,,
66,3,28,Coffeehouses,Retail,Commercial,1,92e83659-b289-40e4-8bb1-0a815caf8da7,2022-01-18T21:37:30.9218783+00:00,2022-01-18T21:37:30.9218784+00:00,VOd7ALuXooJo7wAAAAAAAA==,dbs/VOd7AA==/colls/VOd7ALuXooI=/docs/VOd7ALuXooJo7wAAAAAAAA==/,"""2a00b18e-0000-0200-0000-676c82c00000""",attachments/,projectType,20240330,1735164608,,
67,3,29,Laundromats,Retail,Commercial,1,6c12d3a6-1561-4333-99c4-3c4a833d7d3e,2022-01-18T21:37:31.0192675+00:00,2022-01-18T21:37:31.0192675+00:00,VOd7ALuXooJp7wAAAAAAAA==,dbs/VOd7AA==/colls/VOd7ALuXooI=/docs/VOd7ALuXooJp7wAAAAAAAA==/,"""2a00b28e-0000-0200-0000-676c82c00000""",attachments/,projectType,20240330,1735164608,,
68,3,30,Skating Rinks,Sports,Commercial,1,bf36dfdd-814d-498a-9c3a-90099b6f9d43,2022-01-18T21:37:31.1212276+00:00,2022-01-18T21:37:31.1212277+00:00,VOd7ALuXooJq7wAAAAAAAA==,dbs/VOd7AA==/colls/VOd7ALuXooI=/docs/VOd7ALuXooJq7wAAAAAAAA==/,"""2a00b38e-0000-0200-0000-676c82c00000""",attachments/,projectType,20240330,1735164608,,
69,4,10,Defined Purpose Office Building,Offices & Warehouses,Commercial,0,f336723e-1606-4b81-8532-5b4b6f74eaac,2022-01-18T21:37:31.219356+00:00,2022-01-18T21:37:31.219356+00:00,VOd7ALuXooJr7wAAAAAAAA==,dbs/VOd7AA==/colls/VOd7ALuXooI=/docs/VOd7ALuXooJr7wAAAAAAAA==/,"""2a00b48e-0000-0200-0000-676c82c10000""",attachments/,projectType,20240330,1735164609,,
70,4,11,Grandstand,Sports,Commercial,0,f3d899aa-e7cc-4e69-b12d-d899a95e7701,2022-01-18T21:37:31.3213832+00:00,2022-01-18T21:37:31.3213833+00:00,VOd7ALuXooJs7wAAAAAAAA==,dbs/VOd7AA==/colls/VOd7ALuXooI=/docs/VOd7ALuXooJs7wAAAAAAAA==/,"""2a00b58e-0000-0200-0000-676c82c10000""",attachments/,projectType,20240330,1735164609,,
71,4,12,Stadium,Sports,Commercial,0,cc89cefc-4e1f-449d-a7d0-74f04dde5ea8,2022-01-18T21:37:31.4215951+00:00,2022-01-18T21:37:31.4215952+00:00,VOd7ALuXooJt7wAAAAAAAA==,dbs/VOd7AA==/colls/VOd7ALuXooI=/docs/VOd7ALuXooJt7wAAAAAAAA==/,"""2a00b68e-0000-0200-0000-676c82c10000""",attachments/,projectType,20240330,1735164609,,
72,4,13,Arena,Sports,Commercial,0,87ef8cd4-7aae-4923-8c33-e28d6d39e191,2022-01-18T21:37:31.5204675+00:00,2022-01-18T21:37:31.5204675+00:00,VOd7ALuXooJu7wAAAAAAAA==,dbs/VOd7AA==/colls/VOd7ALuXooI=/docs/VOd7ALuXooJu7wAAAAAAAA==/,"""2a00b78e-0000-0200-0000-676c82c10000""",attachments/,projectType,20240330,1735164609,,
73,4,14,Convention Hall,Community Buildings,Commercial,0,0d0ca0d6-9f5f-4e90-8327-9b227b875855,2022-01-18T21:37:31.6226006+00:00,2022-01-18T21:37:31.6226006+00:00,VOd7ALuXooJv7wAAAAAAAA==,dbs/VOd7AA==/colls/VOd7ALuXooI=/docs/VOd7ALuXooJv7wAAAAAAAA==/,"""2a00b88e-0000-0200-0000-676c82c10000""",attachments/,projectType,20240330,1735164609,,
74,4,15,Exhibition Building,Community Buildings,Commercial,0,f8cd8108-da14-4b50-bf9a-c604cf93a32e,2022-01-18T21:37:31.7194295+00:00,2022-01-18T21:37:31.7194296+00:00,VOd7ALuXooJw7wAAAAAAAA==,dbs/VOd7AA==/colls/VOd7ALuXooI=/docs/VOd7ALuXooJw7wAAAAAAAA==/,"""2a00b98e-0000-0200-0000-676c82c10000""",attachments/,projectType,20240330,1735164609,,
75,4,16,Hotel,Hotels & Motels,Commercial,0,dd44b68b-03a2-4977-9d94-ee7d5531a834,2022-01-18T21:37:31.821051+00:00,2022-01-18T21:37:31.8210511+00:00,VOd7ALuXooJx7wAAAAAAAA==,dbs/VOd7AA==/colls/VOd7ALuXooI=/docs/VOd7ALuXooJx7wAAAAAAAA==/,"""2a00ba8e-0000-0200-0000-676c82c10000""",attachments/,projectType,20240330,1735164609,,
76,4,17,Manufacturing Facilities,Industrial,Commercial,0,9cd0af18-7b78-49a4-aba9-2b0f514cfd8c,2022-01-18T21:37:31.9208532+00:00,2022-01-18T21:37:31.9208532+00:00,VOd7ALuXooJy7wAAAAAAAA==,dbs/VOd7AA==/colls/VOd7ALuXooI=/docs/VOd7ALuXooJy7wAAAAAAAA==/,"""2a00bb8e-0000-0200-0000-676c82c10000""",attachments/,projectType,20240330,1735164609,,
77,4,18,Process of Specialized Storage Plant,Offices & Warehouses,Commercial,0,d6216bce-f355-417d-9ff4-b913c59d7bc9,2022-01-18T21:37:32.0186958+00:00,2022-01-18T21:37:32.0186959+00:00,VOd7ALuXooJz7wAAAAAAAA==,dbs/VOd7AA==/colls/VOd7ALuXooI=/docs/VOd7ALuXooJz7wAAAAAAAA==/,"""2a00bc8e-0000-0200-0000-676c82c10000""",attachments/,projectType,20240330,1735164609,,
78,4,19,Postal Plant,Government,Commercial,0,8642a614-b102-428d-a715-c6cff7c95b57,2022-01-18T21:37:32.121243+00:00,2022-01-18T21:37:32.1212431+00:00,VOd7ALuXooJ07wAAAAAAAA==,dbs/VOd7AA==/colls/VOd7ALuXooI=/docs/VOd7ALuXooJ07wAAAAAAAA==/,"""2a00bd8e-0000-0200-0000-676c82c10000""",attachments/,projectType,20240330,1735164609,,
79,4,20,Abattoir,Government,Commercial,0,301cdbe8-34e3-4a25-a2af-d3565d9e62f1,2022-01-18T21:37:32.2189581+00:00,2022-01-18T21:37:32.2189582+00:00,VOd7ALuXooJ17wAAAAAAAA==,dbs/VOd7AA==/colls/VOd7ALuXooI=/docs/VOd7ALuXooJ17wAAAAAAAA==/,"""2a00be8e-0000-0200-0000-676c82c10000""",attachments/,projectType,20240330,1735164609,,
80,4,21,Banks,Retail,Commercial,0,7b18fe0d-6b08-4ea0-b53a-270973d3e85a,2022-01-18T21:37:32.3196096+00:00,2022-01-18T21:37:32.3196097+00:00,VOd7ALuXooJ27wAAAAAAAA==,dbs/VOd7AA==/colls/VOd7ALuXooI=/docs/VOd7ALuXooJ27wAAAAAAAA==/,"""2a00bf8e-0000-0200-0000-676c82c10000""",attachments/,projectType,20240330,1735164609,,
81,4,22,Distillery,Offices & Warehouses,Commercial,0,37e75eab-bf62-4a90-b538-2765de19be18,2022-01-18T21:37:32.4217784+00:00,2022-01-18T21:37:32.4217784+00:00,VOd7ALuXooJ37wAAAAAAAA==,dbs/VOd7AA==/colls/VOd7ALuXooI=/docs/VOd7ALuXooJ37wAAAAAAAA==/,"""2a00c08e-0000-0200-0000-676c82c10000""",attachments/,projectType,20240330,1735164609,,
82,4,23,Ambulance Station,Transportation,Commercial,0,bf484ca9-e84d-485a-ad49-6c470174edc4,2022-01-18T21:37:32.5209312+00:00,2022-01-18T21:37:32.5209313+00:00,VOd7ALuXooJ47wAAAAAAAA==,dbs/VOd7AA==/colls/VOd7ALuXooI=/docs/VOd7ALuXooJ47wAAAAAAAA==/,"""2a00c18e-0000-0200-0000-676c82c10000""",attachments/,projectType,20240330,1735164609,,
83,4,24,Fire Stations,Government,Commercial,0,6daecb6c-84da-4346-951a-c5679fec6637,2022-01-18T21:37:32.6213247+00:00,2022-01-18T21:37:32.6213247+00:00,VOd7ALuXooJ57wAAAAAAAA==,dbs/VOd7AA==/colls/VOd7ALuXooI=/docs/VOd7ALuXooJ57wAAAAAAAA==/,"""2a00c28e-0000-0200-0000-676c82c10000""",attachments/,projectType,20240330,1735164609,,
84,4,25,Post Offices,Government,Commercial,0,53138e41-9f2a-4fae-97fc-fcb3afa8952b,2022-01-18T21:37:32.7227949+00:00,2022-01-18T21:37:32.722795+00:00,VOd7ALuXooJ67wAAAAAAAA==,dbs/VOd7AA==/colls/VOd7ALuXooI=/docs/VOd7ALuXooJ67wAAAAAAAA==/,"""2a00c38e-0000-0200-0000-676c82c10000""",attachments/,projectType,20240330,1735164609,,
85,4,26,Restaurant,Restaurants,Commercial,0,7dc46074-b199-45d5-bd7c-081fec72d6eb,2022-01-18T21:37:32.82308+00:00,2022-01-18T21:37:32.8230801+00:00,VOd7ALuXooJ77wAAAAAAAA==,dbs/VOd7AA==/colls/VOd7ALuXooI=/docs/VOd7ALuXooJ77wAAAAAAAA==/,"""2a00c48e-0000-0200-0000-676c82c10000""",attachments/,projectType,20240330,1735164609,,
86,4,27,Bars & Taverns,Restaurants,Commercial,0,b86796f8-91bb-44b1-8285-9668da48947e,2022-01-18T21:37:32.9193916+00:00,2022-01-18T21:37:32.9193917+00:00,VOd7ALuXooJ87wAAAAAAAA==,dbs/VOd7AA==/colls/VOd7ALuXooI=/docs/VOd7ALuXooJ87wAAAAAAAA==/,"""2a00c58e-0000-0200-0000-676c82c10000""",attachments/,projectType,20240330,1735164609,,
87,4,28,Minimum Security Correctional Institution,Government,Commercial,0,e7a9571b-0568-4132-aed4-a68d553283ef,2022-01-18T21:37:33.0227168+00:00,2022-01-18T21:37:33.0227168+00:00,VOd7ALuXooJ97wAAAAAAAA==,dbs/VOd7AA==/colls/VOd7ALuXooI=/docs/VOd7ALuXooJ97wAAAAAAAA==/,"""2a00c68e-0000-0200-0000-676c82c10000""",attachments/,projectType,20240330,1735164609,,
88,4,29,Clubs,Community Buildings,Commercial,0,97ee928a-9f83-49e6-9821-4ea2bae82475,2022-01-18T21:37:33.121614+00:00,2022-01-18T21:37:33.1216141+00:00,VOd7ALuXooJ+7wAAAAAAAA==,dbs/VOd7AA==/colls/VOd7ALuXooI=/docs/VOd7ALuXooJ+7wAAAAAAAA==/,"""2a00c78e-0000-0200-0000-676c82c10000""",attachments/,projectType,20240330,1735164609,,
89,4,30,Country Club,Entertainment,Commercial,0,039f15f0-cfc6-4ba8-a44c-49fbd6f84eb4,2022-01-18T21:37:33.2193593+00:00,2022-01-18T21:37:33.2193594+00:00,VOd7ALuXooJ-7wAAAAAAAA==,dbs/VOd7AA==/colls/VOd7ALuXooI=/docs/VOd7ALuXooJ-7wAAAAAAAA==/,"""2a00c88e-0000-0200-0000-676c82c10000""",attachments/,projectType,20240330,1735164609,,
90,4,31,Community Centers,Community Buildings,Commercial,0,d3def230-0b8c-49ba-b503-4771a8426c1e,2022-01-18T21:37:33.3229076+00:00,2022-01-18T21:37:33.3229077+00:00,VOd7ALuXooKA7wAAAAAAAA==,dbs/VOd7AA==/colls/VOd7ALuXooI=/docs/VOd7ALuXooKA7wAAAAAAAA==/,"""2a00c98e-0000-0200-0000-676c82c10000""",attachments/,projectType,20240330,1735164609,,
91,4,32,Stock Exchange,Offices & Warehouses,Commercial,0,41b48a8e-7f7c-429e-86d9-e54ef7f40aab,2022-01-18T21:37:33.4216028+00:00,2022-01-18T21:37:33.4216029+00:00,VOd7ALuXooKB7wAAAAAAAA==,dbs/VOd7AA==/colls/VOd7ALuXooI=/docs/VOd7ALuXooKB7wAAAAAAAA==/,"""2a00ca8e-0000-0200-0000-676c82c10000""",attachments/,projectType,20240330,1735164609,,
92,4,33,Golf Club House,Retail,Commercial,0,563ace60-833d-4ef2-839b-add133f6e79f,2022-01-18T21:37:33.5190126+00:00,2022-01-18T21:37:33.5190128+00:00,VOd7ALuXooKC7wAAAAAAAA==,dbs/VOd7AA==/colls/VOd7ALuXooI=/docs/VOd7ALuXooKC7wAAAAAAAA==/,"""2a00cb8e-0000-0200-0000-676c82c10000""",attachments/,projectType,20240330,1735164609,,
93,4,34,Tenant Fit-up,Offices & Warehouses,Commercial,0,43c6d20b-b8a4-4e7d-9413-27692e124eca,2022-01-18T21:37:33.6215122+00:00,2022-01-18T21:37:33.6215123+00:00,VOd7ALuXooKD7wAAAAAAAA==,dbs/VOd7AA==/colls/VOd7ALuXooI=/docs/VOd7ALuXooKD7wAAAAAAAA==/,"""2a00cc8e-0000-0200-0000-676c82c10000""",attachments/,projectType,20240330,1735164609,,
94,4,35,Space Planning,Offices & Warehouses,Commercial,0,5c8cecfd-540c-4ffc-a210-4b72e3d3e92a,2022-01-18T21:37:33.7215275+00:00,2022-01-18T21:37:33.7215276+00:00,VOd7ALuXooKE7wAAAAAAAA==,dbs/VOd7AA==/colls/VOd7ALuXooI=/docs/VOd7ALuXooKE7wAAAAAAAA==/,"""2a00cd8e-0000-0200-0000-676c82c10000""",attachments/,projectType,20240330,1735164609,,
95,4,36,Maintenance Building,Offices & Warehouses,Commercial,0,41808243-8069-41f0-bff5-8bb1f4bc05b2,2022-01-18T21:37:33.8181584+00:00,2022-01-18T21:37:33.8181585+00:00,VOd7ALuXooKF7wAAAAAAAA==,dbs/VOd7AA==/colls/VOd7ALuXooI=/docs/VOd7ALuXooKF7wAAAAAAAA==/,"""2a00ce8e-0000-0200-0000-676c82c10000""",attachments/,projectType,20240330,1735164609,,
96,4,37,Service Garage,Industrial,Commercial,0,54b6e45b-9dad-48c0-8605-1a867780a7ec,2022-01-18T21:37:33.9193409+00:00,2022-01-18T21:37:33.9193409+00:00,VOd7ALuXooKG7wAAAAAAAA==,dbs/VOd7AA==/colls/VOd7ALuXooI=/docs/VOd7ALuXooKG7wAAAAAAAA==/,"""2a00cf8e-0000-0200-0000-676c82c10000""",attachments/,projectType,20240330,1735164609,,
97,4,38,Gas and Fuel Station,Retail,Commercial,0,adc11a58-e359-4127-9c63-8a241ebc78f8,2022-01-18T21:37:34.0213704+00:00,2022-01-18T21:37:34.0213704+00:00,VOd7ALuXooKH7wAAAAAAAA==,dbs/VOd7AA==/colls/VOd7ALuXooI=/docs/VOd7ALuXooKH7wAAAAAAAA==/,"""2a00d08e-0000-0200-0000-676c82c10000""",attachments/,projectType,20240330,1735164609,,
98,4,39,Car Dealership,Automotive,Commercial,0,f32527ef-ac47-4450-9ffd-d9d986c2bfb2,2022-01-18T21:37:34.1197187+00:00,2022-01-18T21:37:34.1197189+00:00,VOd7ALuXooKI7wAAAAAAAA==,dbs/VOd7AA==/colls/VOd7ALuXooI=/docs/VOd7ALuXooKI7wAAAAAAAA==/,"""2a00d18e-0000-0200-0000-676c82c10000""",attachments/,projectType,20240330,1735164609,,
99,4,40,Place of Worship,Religious,Commercial,0,30e2231d-8c55-46dd-8bea-519c9ee198c3,2022-01-18T21:37:34.2194796+00:00,2022-01-18T21:37:34.2194796+00:00,VOd7ALuXooKJ7wAAAAAAAA==,dbs/VOd7AA==/colls/VOd7ALuXooI=/docs/VOd7ALuXooKJ7wAAAAAAAA==/,"""2a00d28e-0000-0200-0000-676c82c10000""",attachments/,projectType,20240330,1735164609,,
100,4,41,Monastery,Religious,Commercial,0,cc593dc0-1378-4c7e-8d77-fcffb5d04661,2022-01-18T21:37:34.3181672+00:00,2022-01-18T21:37:34.3181673+00:00,VOd7ALuXooKK7wAAAAAAAA==,dbs/VOd7AA==/colls/VOd7ALuXooI=/docs/VOd7ALuXooKK7wAAAAAAAA==/,"""2a00d38e-0000-0200-0000-676c82c10000""",attachments/,projectType,20240330,1735164609,,
101,4,42,Convent,Religious,Commercial,0,19c05998-fe13-4c04-9cf4-542aed6b034f,2022-01-18T21:37:34.4205313+00:00,2022-01-18T21:37:34.4205313+00:00,VOd7ALuXooKL7wAAAAAAAA==,dbs/VOd7AA==/colls/VOd7ALuXooI=/docs/VOd7ALuXooKL7wAAAAAAAA==/,"""2a00d48e-0000-0200-0000-676c82c10000""",attachments/,projectType,20240330,1735164609,,
102,4,43,Swimming Pools,Sports,Commercial,0,c7879e37-f9b0-4c72-85b3-914cfe96f763,2022-01-18T21:37:34.5184733+00:00,2022-01-18T21:37:34.5184734+00:00,VOd7ALuXooKM7wAAAAAAAA==,dbs/VOd7AA==/colls/VOd7ALuXooI=/docs/VOd7ALuXooKM7wAAAAAAAA==/,"""2a00d58e-0000-0200-0000-676c82c20000""",attachments/,projectType,20240330,1735164610,,
103,4,44,Mosque,Religious,Commercial,0,d9800143-6df9-4444-9065-be568352575a,2022-01-18T21:37:34.6221147+00:00,2022-01-18T21:37:34.6221147+00:00,VOd7ALuXooKN7wAAAAAAAA==,dbs/VOd7AA==/colls/VOd7ALuXooI=/docs/VOd7ALuXooKN7wAAAAAAAA==/,"""2a00d68e-0000-0200-0000-676c82c20000""",attachments/,projectType,20240330,1735164610,,
104,4,45,Churches,Religious,Commercial,0,b60effd8-0c60-4b13-8d6e-c21deeb48f47,2022-01-18T21:37:34.7203551+00:00,2022-01-18T21:37:34.7203552+00:00,VOd7ALuXooKO7wAAAAAAAA==,dbs/VOd7AA==/colls/VOd7ALuXooI=/docs/VOd7ALuXooKO7wAAAAAAAA==/,"""2a00d78e-0000-0200-0000-676c82c20000""",attachments/,projectType,20240330,1735164610,,
105,4,46,Central Utility Plant,Educational,Commercial,0,d1da9524-68c4-40a1-a14a-4b018a9a8c8d,2022-01-18T21:37:34.8241321+00:00,2022-01-18T21:37:34.8241322+00:00,VOd7ALuXooKP7wAAAAAAAA==,dbs/VOd7AA==/colls/VOd7ALuXooI=/docs/VOd7ALuXooKP7wAAAAAAAA==/,"""2a00d88e-0000-0200-0000-676c82c20000""",attachments/,projectType,20240330,1735164610,,
106,4,47,Junior High Schools,Educational,Commercial,0,3832cce4-18c0-4839-8d15-3ed7f6c701e0,2022-01-18T21:37:34.9202914+00:00,2022-01-18T21:37:34.9202915+00:00,VOd7ALuXooKQ7wAAAAAAAA==,dbs/VOd7AA==/colls/VOd7ALuXooI=/docs/VOd7ALuXooKQ7wAAAAAAAA==/,"""2a00d98e-0000-0200-0000-676c82c20000""",attachments/,projectType,20240330,1735164610,,
107,4,48,Senior High Schools,Educational,Commercial,0,33e8ebea-b297-437d-9467-cf4cc1f10dc2,2022-01-18T21:37:35.0195361+00:00,2022-01-18T21:37:35.0195362+00:00,VOd7ALuXooKR7wAAAAAAAA==,dbs/VOd7AA==/colls/VOd7ALuXooI=/docs/VOd7ALuXooKR7wAAAAAAAA==/,"""2a00da8e-0000-0200-0000-676c82c20000""",attachments/,projectType,20240330,1735164610,,
108,4,49,Ice Arena (Indoor),Sports,Commercial,0,32a3c5bb-96e3-4d20-b5c9-d380d8ca5a16,2022-01-18T21:37:35.120173+00:00,2022-01-18T21:37:35.1201731+00:00,VOd7ALuXooKS7wAAAAAAAA==,dbs/VOd7AA==/colls/VOd7ALuXooI=/docs/VOd7ALuXooKS7wAAAAAAAA==/,"""2a00db8e-0000-0200-0000-676c82c20000""",attachments/,projectType,20240330,1735164610,,
109,4,50,Gymnasium,Educational,Commercial,0,61730765-4759-41a2-a12d-3e5cdc48c314,2022-01-18T21:37:35.2198709+00:00,2022-01-18T21:37:35.2198709+00:00,VOd7ALuXooKT7wAAAAAAAA==,dbs/VOd7AA==/colls/VOd7ALuXooI=/docs/VOd7ALuXooKT7wAAAAAAAA==/,"""2a00dc8e-0000-0200-0000-676c82c20000""",attachments/,projectType,20240330,1735164610,,
110,4,51,Covered Ice Rink,Sports,Commercial,0,18ddfb21-0c3b-4f8d-ac82-254795efb8d7,2022-01-18T21:37:35.319634+00:00,2022-01-18T21:37:35.319634+00:00,VOd7ALuXooKU7wAAAAAAAA==,dbs/VOd7AA==/colls/VOd7ALuXooI=/docs/VOd7ALuXooKU7wAAAAAAAA==/,"""2a00dd8e-0000-0200-0000-676c82c20000""",attachments/,projectType,20240330,1735164610,,
111,4,52,Sports and Fitness Facility,Sports,Commercial,0,dc3ec504-da13-4575-9260-082db5cefe69,2022-01-18T21:37:35.4208278+00:00,2022-01-18T21:37:35.4208279+00:00,VOd7ALuXooKV7wAAAAAAAA==,dbs/VOd7AA==/colls/VOd7ALuXooI=/docs/VOd7ALuXooKV7wAAAAAAAA==/,"""2a00de8e-0000-0200-0000-676c82c20000""",attachments/,projectType,20240330,1735164610,,
112,4,53,Recreational Building,Community Buildings,Commercial,0,a9d9e55f-04b2-43dd-a647-88d9e8a53854,2022-01-18T21:37:35.5192579+00:00,2022-01-18T21:37:35.5192579+00:00,VOd7ALuXooKW7wAAAAAAAA==,dbs/VOd7AA==/colls/VOd7ALuXooI=/docs/VOd7ALuXooKW7wAAAAAAAA==/,"""2a00df8e-0000-0200-0000-676c82c20000""",attachments/,projectType,20240330,1735164610,,
113,4,54,Bridges & Culverts,Civil,"Civil, Infrastructure & Landscaping",1,ffc18833-605d-4471-9ed3-60cf856ef970,2022-01-18T21:37:35.6220727+00:00,2022-01-18T21:37:35.6220728+00:00,VOd7ALuXooKX7wAAAAAAAA==,dbs/VOd7AA==/colls/VOd7ALuXooI=/docs/VOd7ALuXooKX7wAAAAAAAA==/,"""2a00e08e-0000-0200-0000-676c82c20000""",attachments/,projectType,20240330,1735164610,,
114,4,55,Canals,Civil,"Civil, Infrastructure & Landscaping",1,2302f02a-c9fd-46fc-a294-41d67cbd2815,2022-01-18T21:37:35.7229648+00:00,2022-01-18T21:37:35.7229648+00:00,VOd7ALuXooKY7wAAAAAAAA==,dbs/VOd7AA==/colls/VOd7ALuXooI=/docs/VOd7ALuXooKY7wAAAAAAAA==/,"""2a00e18e-0000-0200-0000-676c82c20000""",attachments/,projectType,20240330,1735164610,,
115,4,56,Cemeteries,Civil,"Civil, Infrastructure & Landscaping",1,4c6a8fdd-d194-4293-9b91-b86f3424b696,2022-01-18T21:37:35.819526+00:00,2022-01-18T21:37:35.819526+00:00,VOd7ALuXooKZ7wAAAAAAAA==,dbs/VOd7AA==/colls/VOd7ALuXooI=/docs/VOd7ALuXooKZ7wAAAAAAAA==/,"""2a00e28e-0000-0200-0000-676c82c20000""",attachments/,projectType,20240330,1735164610,,
116,4,57,Dams,Civil,"Civil, Infrastructure & Landscaping",1,b48fb1e0-1db8-4a71-861b-25d1aab4be1d,2022-01-18T21:37:35.9196843+00:00,2022-01-18T21:37:35.9196844+00:00,VOd7ALuXooKa7wAAAAAAAA==,dbs/VOd7AA==/colls/VOd7ALuXooI=/docs/VOd7ALuXooKa7wAAAAAAAA==/,"""2a00e38e-0000-0200-0000-676c82c20000""",attachments/,projectType,20240330,1735164610,,
117,4,58,Flood Control,Civil,"Civil, Infrastructure & Landscaping",1,52c2063e-328a-4342-b4b3-692f33ae374d,2022-01-18T21:37:36.0222178+00:00,2022-01-18T21:37:36.0222178+00:00,VOd7ALuXooKb7wAAAAAAAA==,dbs/VOd7AA==/colls/VOd7ALuXooI=/docs/VOd7ALuXooKb7wAAAAAAAA==/,"""2a00e48e-0000-0200-0000-676c82c20000""",attachments/,projectType,20240330,1735164610,,
118,4,59,Miscellaneous Civil,Civil,"Civil, Infrastructure & Landscaping",1,5718e654-47f8-4a9c-ba61-dd9ce0aea7f2,2022-01-18T21:37:36.1232507+00:00,2022-01-18T21:37:36.1232508+00:00,VOd7ALuXooKc7wAAAAAAAA==,dbs/VOd7AA==/colls/VOd7ALuXooI=/docs/VOd7ALuXooKc7wAAAAAAAA==/,"""2a00e58e-0000-0200-0000-676c82c20000""",attachments/,projectType,20240330,1735164610,,
119,4,60,Tanks,Civil,"Civil, Infrastructure & Landscaping",1,c49bcec4-b022-473b-bd83-95d2de298293,2022-01-18T21:37:36.2213044+00:00,2022-01-18T21:37:36.2213044+00:00,VOd7ALuXooKd7wAAAAAAAA==,dbs/VOd7AA==/colls/VOd7ALuXooI=/docs/VOd7ALuXooKd7wAAAAAAAA==/,"""2a00e68e-0000-0200-0000-676c82c20000""",attachments/,projectType,20240330,1735164610,,
120,4,61,Sit Work,Site Work & Landscaping,"Civil, Infrastructure & Landscaping",1,f22e19b1-57a1-4476-bef1-905c04eeb599,2022-01-18T21:37:36.3196764+00:00,2022-01-18T21:37:36.3196765+00:00,VOd7ALuXooKe7wAAAAAAAA==,dbs/VOd7AA==/colls/VOd7ALuXooI=/docs/VOd7ALuXooKe7wAAAAAAAA==/,"""2a00e78e-0000-0200-0000-676c82c20000""",attachments/,projectType,20240330,1735164610,,
121,4,62,Water and Sewage Piping,Water & Sewer,"Civil, Infrastructure & Landscaping",1,13f0f702-d26e-423f-a8ff-e32e3acdb6a3,2022-01-18T21:37:36.4221426+00:00,2022-01-18T21:37:36.4221427+00:00,VOd7ALuXooKf7wAAAAAAAA==,dbs/VOd7AA==/colls/VOd7ALuXooI=/docs/VOd7ALuXooKf7wAAAAAAAA==/,"""2a00e88e-0000-0200-0000-676c82c20000""",attachments/,projectType,20240330,1735164610,,
122,4,63,Auto Dealerships,Automotive,Commercial,1,67331889-e54f-46a3-9cd6-17b2e82715cb,2022-01-18T21:37:36.5183288+00:00,2022-01-18T21:37:36.5183289+00:00,VOd7ALuXooKg7wAAAAAAAA==,dbs/VOd7AA==/colls/VOd7ALuXooI=/docs/VOd7ALuXooKg7wAAAAAAAA==/,"""2a00e98e-0000-0200-0000-676c82c20000""",attachments/,projectType,20240330,1735164610,,
123,4,64,Automotive Repair,Automotive,Commercial,1,f32e3828-12cc-4df1-a21e-bbad233a6260,2022-01-18T21:37:36.6222475+00:00,2022-01-18T21:37:36.6222475+00:00,VOd7ALuXooKh7wAAAAAAAA==,dbs/VOd7AA==/colls/VOd7ALuXooI=/docs/VOd7ALuXooKh7wAAAAAAAA==/,"""2a00ea8e-0000-0200-0000-676c82c20000""",attachments/,projectType,20240330,1735164610,,
124,4,65,Car Washes,Automotive,Commercial,1,c2c0a317-1d5b-4b07-a074-d3fe2b578e67,2022-01-18T21:37:36.722532+00:00,2022-01-18T21:37:36.7225321+00:00,VOd7ALuXooKi7wAAAAAAAA==,dbs/VOd7AA==/colls/VOd7ALuXooI=/docs/VOd7ALuXooKi7wAAAAAAAA==/,"""2a00eb8e-0000-0200-0000-676c82c20000""",attachments/,projectType,20240330,1735164610,,
125,4,66,Service & Gas Stations,Automotive,Commercial,1,c72e8a31-c59a-473e-b618-647b93a05f06,2022-01-18T21:37:36.8215031+00:00,2022-01-18T21:37:36.8215031+00:00,VOd7ALuXooKj7wAAAAAAAA==,dbs/VOd7AA==/colls/VOd7ALuXooI=/docs/VOd7ALuXooKj7wAAAAAAAA==/,"""2a00ec8e-0000-0200-0000-676c82c20000""",attachments/,projectType,20240330,1735164610,,
126,4,67,Auditoriums,Community Buildings,Commercial,1,743d5500-8b48-43ba-b2c5-1d78cf0c19b6,2022-01-18T21:37:36.9198042+00:00,2022-01-18T21:37:36.9198043+00:00,VOd7ALuXooKk7wAAAAAAAA==,dbs/VOd7AA==/colls/VOd7ALuXooI=/docs/VOd7ALuXooKk7wAAAAAAAA==/,"""2a00ed8e-0000-0200-0000-676c82c20000""",attachments/,projectType,20240330,1735164610,,
127,4,68,Boarding Schools,Educational,Commercial,1,b9af8f4b-cd32-4dfd-b097-fd96f1c118f2,2022-01-18T21:37:37.0222182+00:00,2022-01-18T21:37:37.0222182+00:00,VOd7ALuXooKl7wAAAAAAAA==,dbs/VOd7AA==/colls/VOd7ALuXooI=/docs/VOd7ALuXooKl7wAAAAAAAA==/,"""2a00ee8e-0000-0200-0000-676c82c20000""",attachments/,projectType,20240330,1735164610,,
128,4,69,Classrooms,Educational,Commercial,1,c3a0515d-a7bd-418b-982b-93d019ad3a0d,2022-01-18T21:37:37.1226361+00:00,2022-01-18T21:37:37.1226362+00:00,VOd7ALuXooKm7wAAAAAAAA==,dbs/VOd7AA==/colls/VOd7ALuXooI=/docs/VOd7ALuXooKm7wAAAAAAAA==/,"""2a00ef8e-0000-0200-0000-676c82c20000""",attachments/,projectType,20240330,1735164610,,
129,4,70,Colleges & Universities,Educational,Commercial,1,f3b228f5-dff4-4ec3-9c12-7376f9a0399b,2022-01-18T21:37:37.2225153+00:00,2022-01-18T21:37:37.2225154+00:00,VOd7ALuXooKn7wAAAAAAAA==,dbs/VOd7AA==/colls/VOd7ALuXooI=/docs/VOd7ALuXooKn7wAAAAAAAA==/,"""2a00f08e-0000-0200-0000-676c82c20000""",attachments/,projectType,20240330,1735164610,,
130,4,71,Community Colleges,Educational,Commercial,1,cb2be436-8500-4967-9abb-a6c1a076c2c4,2022-01-18T21:37:37.322419+00:00,2022-01-18T21:37:37.3224191+00:00,VOd7ALuXooKo7wAAAAAAAA==,dbs/VOd7AA==/colls/VOd7ALuXooI=/docs/VOd7ALuXooKo7wAAAAAAAA==/,"""2a00f18e-0000-0200-0000-676c82c20000""",attachments/,projectType,20240330,1735164610,,
131,4,72,Fraternity and Sorority Houses,Educational,Commercial,1,bb5f8863-98e1-4305-9ef9-f7f432fa8c22,2022-01-18T21:37:37.4218874+00:00,2022-01-18T21:37:37.4218874+00:00,VOd7ALuXooKp7wAAAAAAAA==,dbs/VOd7AA==/colls/VOd7ALuXooI=/docs/VOd7ALuXooKp7wAAAAAAAA==/,"""2a00f28e-0000-0200-0000-676c82c20000""",attachments/,projectType,20240330,1735164610,,
132,4,73,High Schools,Educational,Commercial,1,5ee53eae-2ef7-4c30-b9f7-27c4efc03318,2022-01-18T21:37:37.5213957+00:00,2022-01-18T21:37:37.5213957+00:00,VOd7ALuXooKq7wAAAAAAAA==,dbs/VOd7AA==/colls/VOd7ALuXooI=/docs/VOd7ALuXooKq7wAAAAAAAA==/,"""2a00f38e-0000-0200-0000-676c82c20000""",attachments/,projectType,20240330,1735164610,,
133,4,74,Pre- Schools,Educational,Commercial,1,49e482af-98b2-4434-bd07-7fe0ba60f8d7,2022-01-18T21:37:37.6220137+00:00,2022-01-18T21:37:37.6220138+00:00,VOd7ALuXooKr7wAAAAAAAA==,dbs/VOd7AA==/colls/VOd7ALuXooI=/docs/VOd7ALuXooKr7wAAAAAAAA==/,"""2a00f48e-0000-0200-0000-676c82c20000""",attachments/,projectType,20240330,1735164610,,
134,4,75,School Auditoriums,Educational,Commercial,1,37111478-c36f-4eb7-931f-5cb13cf51726,2022-01-18T21:37:37.7221198+00:00,2022-01-18T21:37:37.7221199+00:00,VOd7ALuXooKs7wAAAAAAAA==,dbs/VOd7AA==/colls/VOd7ALuXooI=/docs/VOd7ALuXooKs7wAAAAAAAA==/,"""2a00f58e-0000-0200-0000-676c82c20000""",attachments/,projectType,20240330,1735164610,,
135,4,76,School Laboratories,Educational,Commercial,1,98b35c12-bc78-49a6-9542-98f3df09656a,2022-01-18T21:37:37.8186913+00:00,2022-01-18T21:37:37.8186915+00:00,VOd7ALuXooKt7wAAAAAAAA==,dbs/VOd7AA==/colls/VOd7ALuXooI=/docs/VOd7ALuXooKt7wAAAAAAAA==/,"""2a00f68e-0000-0200-0000-676c82c20000""",attachments/,projectType,20240330,1735164610,,
136,4,77,Special Schools,Educational,Commercial,1,fae78582-2cb2-4a78-ad3f-00a7a364c4b0,2022-01-18T21:37:37.9187673+00:00,2022-01-18T21:37:37.9187674+00:00,VOd7ALuXooKu7wAAAAAAAA==,dbs/VOd7AA==/colls/VOd7ALuXooI=/docs/VOd7ALuXooKu7wAAAAAAAA==/,"""2a00f78e-0000-0200-0000-676c82c30000""",attachments/,projectType,20240330,1735164611,,
137,4,78,Vocational Training Centers,Educational,Commercial,1,423b1613-479f-4301-96f6-f9123b6c3785,2022-01-18T21:37:38.0192816+00:00,2022-01-18T21:37:38.0192817+00:00,VOd7ALuXooKv7wAAAAAAAA==,dbs/VOd7AA==/colls/VOd7ALuXooI=/docs/VOd7ALuXooKv7wAAAAAAAA==/,"""2a00f88e-0000-0200-0000-676c82c30000""",attachments/,projectType,20240330,1735164611,,
138,4,79,Machinery & Supplies,Electrical & Mechanical,Commercial,1,c5b874f0-17bd-4b3a-9d15-1e03519b6db0,2022-01-18T21:37:38.1214768+00:00,2022-01-18T21:37:38.1214769+00:00,VOd7ALuXooKw7wAAAAAAAA==,dbs/VOd7AA==/colls/VOd7ALuXooI=/docs/VOd7ALuXooKw7wAAAAAAAA==/,"""2a00f98e-0000-0200-0000-676c82c30000""",attachments/,projectType,20240330,1735164611,,
139,4,80,Movie Theaters,Entertainment,Commercial,1,dcb41084-cd7f-4190-a644-32ec24103eb5,2022-01-18T21:37:38.2194233+00:00,2022-01-18T21:37:38.2194234+00:00,VOd7ALuXooKx7wAAAAAAAA==,dbs/VOd7AA==/colls/VOd7ALuXooI=/docs/VOd7ALuXooKx7wAAAAAAAA==/,"""2a00fa8e-0000-0200-0000-676c82c30000""",attachments/,projectType,20240330,1735164611,,
140,4,81,Playhouses,Entertainment,Commercial,1,88c1b9ad-7b0e-4041-96dd-51cfaa228988,2022-01-18T21:37:38.3215015+00:00,2022-01-18T21:37:38.3215015+00:00,VOd7ALuXooKy7wAAAAAAAA==,dbs/VOd7AA==/colls/VOd7ALuXooI=/docs/VOd7ALuXooKy7wAAAAAAAA==/,"""2a00fb8e-0000-0200-0000-676c82c30000""",attachments/,projectType,20240330,1735164611,,
141,4,82,Assisted Living Facilities,Medical,Commercial,1,99399c8a-072d-42bf-98fa-db234c2fabb2,2022-01-18T21:37:38.4212687+00:00,2022-01-18T21:37:38.4212688+00:00,VOd7ALuXooKz7wAAAAAAAA==,dbs/VOd7AA==/colls/VOd7ALuXooI=/docs/VOd7ALuXooKz7wAAAAAAAA==/,"""2a00fc8e-0000-0200-0000-676c82c30000""",attachments/,projectType,20240330,1735164611,,
142,4,83,Schools,Military,Commercial,1,4f938a56-90e4-4a66-9ef9-71cf23dbf6d7,2022-01-18T21:37:38.5219589+00:00,2022-01-18T21:37:38.521959+00:00,VOd7ALuXooK07wAAAAAAAA==,dbs/VOd7AA==/colls/VOd7ALuXooI=/docs/VOd7ALuXooK07wAAAAAAAA==/,"""2a00fd8e-0000-0200-0000-676c82c30000""",attachments/,projectType,20240330,1735164611,,
143,4,84,Offices,Offices & Warehouses,Commercial,1,0f0906d4-77ad-455f-8264-6adcdad6d657,2022-01-18T21:37:38.6212364+00:00,2022-01-18T21:37:38.6212365+00:00,VOd7ALuXooK17wAAAAAAAA==,dbs/VOd7AA==/colls/VOd7ALuXooI=/docs/VOd7ALuXooK17wAAAAAAAA==/,"""2a00fe8e-0000-0200-0000-676c82c30000""",attachments/,projectType,20240330,1735164611,,
144,4,85,Offices & Warehouses,Offices & Warehouses,Commercial,1,39fed4a1-b6d3-4c65-975d-9c60a118432e,2022-01-18T21:37:38.7207235+00:00,2022-01-18T21:37:38.7207236+00:00,VOd7ALuXooK27wAAAAAAAA==,dbs/VOd7AA==/colls/VOd7ALuXooI=/docs/VOd7ALuXooK27wAAAAAAAA==/,"""2a00ff8e-0000-0200-0000-676c82c30000""",attachments/,projectType,20240330,1735164611,,
145,4,86,Sit Down Restaurants,Restaurants,Commercial,1,6c35bf75-c0da-4294-a523-642f6ceee573,2022-01-18T21:37:38.8212132+00:00,2022-01-18T21:37:38.8212133+00:00,VOd7ALuXooK37wAAAAAAAA==,dbs/VOd7AA==/colls/VOd7ALuXooI=/docs/VOd7ALuXooK37wAAAAAAAA==/,"""2a00008f-0000-0200-0000-676c82c30000""",attachments/,projectType,20240330,1735164611,,
146,4,87,Dry Cleaners,Retail,Commercial,1,7dda2173-a09e-4991-9eff-755c3fad00c2,2022-01-18T21:37:38.9231771+00:00,2022-01-18T21:37:38.9231771+00:00,VOd7ALuXooK47wAAAAAAAA==,dbs/VOd7AA==/colls/VOd7ALuXooI=/docs/VOd7ALuXooK47wAAAAAAAA==/,"""2a00018f-0000-0200-0000-676c82c30000""",attachments/,projectType,20240330,1735164611,,
147,4,88,Fitness Centers,Retail,Commercial,1,af84a29b-3977-4c1d-b288-f38c5f386d2d,2022-01-18T21:37:39.0192772+00:00,2022-01-18T21:37:39.0192773+00:00,VOd7ALuXooK57wAAAAAAAA==,dbs/VOd7AA==/colls/VOd7ALuXooI=/docs/VOd7ALuXooK57wAAAAAAAA==/,"""2a00028f-0000-0200-0000-676c82c30000""",attachments/,projectType,20240330,1735164611,,
148,4,89,Opticians,Retail,Commercial,1,6036a078-2185-4a03-97a7-ac222c7122ae,2022-01-18T21:37:39.1182313+00:00,2022-01-18T21:37:39.1182314+00:00,VOd7ALuXooK67wAAAAAAAA==,dbs/VOd7AA==/colls/VOd7ALuXooI=/docs/VOd7ALuXooK67wAAAAAAAA==/,"""2a00038f-0000-0200-0000-676c82c30000""",attachments/,projectType,20240330,1735164611,,
149,5,10,Funeral Homes,Retail,Commercial,0,2c622b72-1a64-4733-9b3a-d9aa05a05a9d,2022-01-18T21:37:39.2440512+00:00,2022-01-18T21:37:39.2440513+00:00,VOd7ALuXooK77wAAAAAAAA==,dbs/VOd7AA==/colls/VOd7ALuXooI=/docs/VOd7ALuXooK77wAAAAAAAA==/,"""2a00048f-0000-0200-0000-676c82c30000""",attachments/,projectType,20240330,1735164611,,
150,5,11,Terminal Building or Station,Transportation,Commercial,0,8e25a85a-3ae8-4ced-87e7-91ed9c06ae04,2022-01-18T21:37:39.3215768+00:00,2022-01-18T21:37:39.321577+00:00,VOd7ALuXooK87wAAAAAAAA==,dbs/VOd7AA==/colls/VOd7ALuXooI=/docs/VOd7ALuXooK87wAAAAAAAA==/,"""2a00058f-0000-0200-0000-676c82c30000""",attachments/,projectType,20240330,1735164611,,
151,5,12,Undertaking Establishment,Religious,Commercial,0,4d3c0278-8866-4a95-8e09-81b32926206e,2022-01-18T21:37:39.4212607+00:00,2022-01-18T21:37:39.4212608+00:00,VOd7ALuXooK97wAAAAAAAA==,dbs/VOd7AA==/colls/VOd7ALuXooI=/docs/VOd7ALuXooK97wAAAAAAAA==/,"""2a00068f-0000-0200-0000-676c82c30000""",attachments/,projectType,20240330,1735164611,,
152,5,13,Concert Halls,Entertainment,Commercial,0,389a9e4a-f470-4814-913f-da17c73a2ade,2022-01-18T21:37:39.5213355+00:00,2022-01-18T21:37:39.5213356+00:00,VOd7ALuXooK+7wAAAAAAAA==,dbs/VOd7AA==/colls/VOd7ALuXooI=/docs/VOd7ALuXooK+7wAAAAAAAA==/,"""2a00078f-0000-0200-0000-676c82c30000""",attachments/,projectType,20240330,1735164611,,
153,5,14,Performing Arts Facilities,Entertainment,Commercial,0,1811d228-c2dd-45fe-878a-070218989d6c,2022-01-18T21:37:39.6243373+00:00,2022-01-18T21:37:39.6243374+00:00,VOd7ALuXooK-7wAAAAAAAA==,dbs/VOd7AA==/colls/VOd7ALuXooI=/docs/VOd7ALuXooK-7wAAAAAAAA==/,"""2a00088f-0000-0200-0000-676c82c30000""",attachments/,projectType,20240330,1735164611,,
154,5,15,Theatre,Entertainment,Commercial,0,efb9592f-e190-4da6-9013-72f525f30b10,2022-01-18T21:37:39.7225788+00:00,2022-01-18T21:37:39.7225789+00:00,VOd7ALuXooLA7wAAAAAAAA==,dbs/VOd7AA==/colls/VOd7ALuXooI=/docs/VOd7ALuXooLA7wAAAAAAAA==/,"""2a00098f-0000-0200-0000-676c82c30000""",attachments/,projectType,20240330,1735164611,,
155,5,16,City Hall,Government,Commercial,0,882c962d-31ef-4d5f-b468-02e06d13807c,2022-01-18T21:37:39.8217409+00:00,2022-01-18T21:37:39.821741+00:00,VOd7ALuXooLB7wAAAAAAAA==,dbs/VOd7AA==/colls/VOd7ALuXooI=/docs/VOd7ALuXooLB7wAAAAAAAA==/,"""2a000a8f-0000-0200-0000-676c82c30000""",attachments/,projectType,20240330,1735164611,,
156,5,17,Town Hall,Government,Commercial,0,985182b4-2223-4516-8f61-1795120b6065,2022-01-18T21:37:39.9202317+00:00,2022-01-18T21:37:39.9202318+00:00,VOd7ALuXooLC7wAAAAAAAA==,dbs/VOd7AA==/colls/VOd7ALuXooI=/docs/VOd7ALuXooLC7wAAAAAAAA==/,"""2a000b8f-0000-0200-0000-676c82c30000""",attachments/,projectType,20240330,1735164611,,
157,5,18,Chancery,Government,Commercial,0,3d67494e-45ae-4aa2-a070-059181719c89,2022-01-18T21:37:40.0236863+00:00,2022-01-18T21:37:40.0236864+00:00,VOd7ALuXooLD7wAAAAAAAA==,dbs/VOd7AA==/colls/VOd7ALuXooI=/docs/VOd7ALuXooLD7wAAAAAAAA==/,"""2a000c8f-0000-0200-0000-676c82c30000""",attachments/,projectType,20240330,1735164611,,
158,5,19,Parliament Building,Government,Commercial,0,93c82fb7-f4a8-4e1d-8f28-eb9f0b9ebfb3,2022-01-18T21:37:40.1224324+00:00,2022-01-18T21:37:40.1224325+00:00,VOd7ALuXooLE7wAAAAAAAA==,dbs/VOd7AA==/colls/VOd7ALuXooI=/docs/VOd7ALuXooLE7wAAAAAAAA==/,"""2a000d8f-0000-0200-0000-676c82c30000""",attachments/,projectType,20240330,1735164611,,
159,5,20,Mint,Government,Commercial,0,61981bd3-36ab-4718-b8e9-7bcb8ad5b47d,2022-01-18T21:37:40.2228274+00:00,2022-01-18T21:37:40.2228275+00:00,VOd7ALuXooLF7wAAAAAAAA==,dbs/VOd7AA==/colls/VOd7ALuXooI=/docs/VOd7ALuXooLF7wAAAAAAAA==/,"""2a000e8f-0000-0200-0000-676c82c30000""",attachments/,projectType,20240330,1735164611,,
160,5,21,Bus Stations,Transportation,Commercial,0,3038e483-ddc1-4587-a144-c0fee1a9ef26,2022-01-18T21:37:40.3204642+00:00,2022-01-18T21:37:40.3204643+00:00,VOd7ALuXooLG7wAAAAAAAA==,dbs/VOd7AA==/colls/VOd7ALuXooI=/docs/VOd7ALuXooLG7wAAAAAAAA==/,"""2a000f8f-0000-0200-0000-676c82c30000""",attachments/,projectType,20240330,1735164611,,
161,5,22,Treasury,Government,Commercial,0,4a95e155-6931-458d-9095-6989429556c1,2022-01-18T21:37:40.4222767+00:00,2022-01-18T21:37:40.4222768+00:00,VOd7ALuXooLH7wAAAAAAAA==,dbs/VOd7AA==/colls/VOd7ALuXooI=/docs/VOd7ALuXooLH7wAAAAAAAA==/,"""2a00108f-0000-0200-0000-676c82c30000""",attachments/,projectType,20240330,1735164611,,
162,5,23,Courthouses,Government,Commercial,0,7705678c-2a12-43bf-946a-375bad2f5ddf,2022-01-18T21:37:40.5194854+00:00,2022-01-18T21:37:40.5194855+00:00,VOd7ALuXooLI7wAAAAAAAA==,dbs/VOd7AA==/colls/VOd7ALuXooI=/docs/VOd7ALuXooLI7wAAAAAAAA==/,"""2a00118f-0000-0200-0000-676c82c30000""",attachments/,projectType,20240330,1735164611,,
163,5,24,Archives Building,Government,Commercial,0,c2d167ca-9327-4905-a845-30fd0de89c53,2022-01-18T21:37:40.6200666+00:00,2022-01-18T21:37:40.6200667+00:00,VOd7ALuXooLJ7wAAAAAAAA==,dbs/VOd7AA==/colls/VOd7ALuXooI=/docs/VOd7ALuXooLJ7wAAAAAAAA==/,"""2a00128f-0000-0200-0000-676c82c30000""",attachments/,projectType,20240330,1735164611,,
164,5,25,Libraries,Community Buildings,Commercial,0,9e0cdfdc-f23b-4440-a19f-6ee55ff339d1,2022-01-18T21:37:40.7223852+00:00,2022-01-18T21:37:40.7223853+00:00,VOd7ALuXooLK7wAAAAAAAA==,dbs/VOd7AA==/colls/VOd7ALuXooI=/docs/VOd7ALuXooLK7wAAAAAAAA==/,"""2a00138f-0000-0200-0000-676c82c30000""",attachments/,projectType,20240330,1735164611,,
165,5,26,Medium Security  and Multi-Level Security Correctional Institution,Government,Commercial,0,06abb834-3710-4563-b436-b6089687c938,2022-01-18T21:37:40.8222305+00:00,2022-01-18T21:37:40.8222306+00:00,VOd7ALuXooLL7wAAAAAAAA==,dbs/VOd7AA==/colls/VOd7ALuXooI=/docs/VOd7ALuXooLL7wAAAAAAAA==/,"""2a00148f-0000-0200-0000-676c82c30000""",attachments/,projectType,20240330,1735164611,,
166,5,27,Casinos and Gaming Facilities,Entertainment,Commercial,0,30462b60-1592-48e1-8125-b840227e775c,2022-01-18T21:37:40.9193956+00:00,2022-01-18T21:37:40.9193957+00:00,VOd7ALuXooLM7wAAAAAAAA==,dbs/VOd7AA==/colls/VOd7ALuXooI=/docs/VOd7ALuXooLM7wAAAAAAAA==/,"""2a00158f-0000-0200-0000-676c82c30000""",attachments/,projectType,20240330,1735164611,,
167,5,28,Extended Care,Medical,Commercial,0,643c7daf-1108-43c5-b77d-4db9b810fae6,2022-01-18T21:37:41.0222567+00:00,2022-01-18T21:37:41.0222568+00:00,VOd7ALuXooLN7wAAAAAAAA==,dbs/VOd7AA==/colls/VOd7ALuXooI=/docs/VOd7ALuXooLN7wAAAAAAAA==/,"""2a00168f-0000-0200-0000-676c82c30000""",attachments/,projectType,20240330,1735164611,,
168,5,29,Convalescent,Medical,Commercial,0,8d1adf71-2aa1-4c4a-b892-6bc650392284,2022-01-18T21:37:41.1210147+00:00,2022-01-18T21:37:41.1210148+00:00,VOd7ALuXooLO7wAAAAAAAA==,dbs/VOd7AA==/colls/VOd7ALuXooI=/docs/VOd7ALuXooLO7wAAAAAAAA==/,"""2a00178f-0000-0200-0000-676c82c30000""",attachments/,projectType,20240330,1735164611,,
169,5,30,Geriatrics Nursing Facility,Medical,Commercial,0,965d738d-a736-46a7-ac6c-5924fad231d8,2022-01-18T21:37:41.2182534+00:00,2022-01-18T21:37:41.2182535+00:00,VOd7ALuXooLP7wAAAAAAAA==,dbs/VOd7AA==/colls/VOd7ALuXooI=/docs/VOd7ALuXooLP7wAAAAAAAA==/,"""2a00188f-0000-0200-0000-676c82c40000""",attachments/,projectType,20240330,1735164612,,
170,5,31,Amusement Park Building,Entertainment,Commercial,0,9ff30ed3-6636-427b-b220-519c8fb80583,2022-01-18T21:37:41.3221665+00:00,2022-01-18T21:37:41.3221666+00:00,VOd7ALuXooLQ7wAAAAAAAA==,dbs/VOd7AA==/colls/VOd7ALuXooI=/docs/VOd7ALuXooLQ7wAAAAAAAA==/,"""2a00198f-0000-0200-0000-676c82c40000""",attachments/,projectType,20240330,1735164612,,
171,5,32,Ferry,Transportation,Commercial,0,d67cf27a-57ec-45e0-bc41-2726e38e0258,2022-01-18T21:37:41.4214031+00:00,2022-01-18T21:37:41.4214031+00:00,VOd7ALuXooLR7wAAAAAAAA==,dbs/VOd7AA==/colls/VOd7ALuXooI=/docs/VOd7ALuXooLR7wAAAAAAAA==/,"""2a001a8f-0000-0200-0000-676c82c40000""",attachments/,projectType,20240330,1735164612,,
172,5,33,Zoos,Entertainment,Commercial,0,93d4273f-76ee-4919-9396-6eae77eeef01,2022-01-18T21:37:41.5222307+00:00,2022-01-18T21:37:41.5222308+00:00,VOd7ALuXooLS7wAAAAAAAA==,dbs/VOd7AA==/colls/VOd7ALuXooI=/docs/VOd7ALuXooLS7wAAAAAAAA==/,"""2a001b8f-0000-0200-0000-676c82c40000""",attachments/,projectType,20240330,1735164612,,
173,5,34,Botanical Garden,Entertainment,Commercial,0,ef826939-5439-4d30-9eff-df115fab0755,2022-01-18T21:37:41.6228404+00:00,2022-01-18T21:37:41.6228405+00:00,VOd7ALuXooLT7wAAAAAAAA==,dbs/VOd7AA==/colls/VOd7ALuXooI=/docs/VOd7ALuXooLT7wAAAAAAAA==/,"""2a001c8f-0000-0200-0000-676c82c40000""",attachments/,projectType,20240330,1735164612,,
174,5,35,Universities and College Teaching Buildings,Educational,Commercial,0,53d34d02-4e26-4790-a569-1da60dee1ce0,2022-01-18T21:37:41.7205391+00:00,2022-01-18T21:37:41.7205392+00:00,VOd7ALuXooLU7wAAAAAAAA==,dbs/VOd7AA==/colls/VOd7ALuXooI=/docs/VOd7ALuXooLU7wAAAAAAAA==/,"""2a001d8f-0000-0200-0000-676c82c40000""",attachments/,projectType,20240330,1735164612,,
175,5,36,Specialized Agricultural Building,Industrial,Commercial,0,d05c649c-f103-498d-92b9-f0b0fc891b6e,2022-01-18T21:37:41.8206196+00:00,2022-01-18T21:37:41.8206197+00:00,VOd7ALuXooLV7wAAAAAAAA==,dbs/VOd7AA==/colls/VOd7ALuXooI=/docs/VOd7ALuXooLV7wAAAAAAAA==/,"""2a001e8f-0000-0200-0000-676c82c40000""",attachments/,projectType,20240330,1735164612,,
176,5,37,Dairy Barn,Industrial,Commercial,0,ff084a9e-c036-47e6-879d-3275887a4827,2022-01-18T21:37:41.9201243+00:00,2022-01-18T21:37:41.9201244+00:00,VOd7ALuXooLW7wAAAAAAAA==,dbs/VOd7AA==/colls/VOd7ALuXooI=/docs/VOd7ALuXooLW7wAAAAAAAA==/,"""2a001f8f-0000-0200-0000-676c82c40000""",attachments/,projectType,20240330,1735164612,,
177,5,38,Swine Operation,Industrial,Commercial,0,24a3e337-2a9f-4820-b8f9-b2162918b4cd,2022-01-18T21:37:42.0191636+00:00,2022-01-18T21:37:42.0191636+00:00,VOd7ALuXooLX7wAAAAAAAA==,dbs/VOd7AA==/colls/VOd7ALuXooI=/docs/VOd7ALuXooLX7wAAAAAAAA==/,"""2a00208f-0000-0200-0000-676c82c40000""",attachments/,projectType,20240330,1735164612,,
178,5,39,Poultry Laying House,Industrial,Commercial,0,f67d83e4-ed5c-497b-9689-4866dbc317e5,2022-01-18T21:37:42.1226037+00:00,2022-01-18T21:37:42.1226038+00:00,VOd7ALuXooLY7wAAAAAAAA==,dbs/VOd7AA==/colls/VOd7ALuXooI=/docs/VOd7ALuXooLY7wAAAAAAAA==/,"""2a00218f-0000-0200-0000-676c82c40000""",attachments/,projectType,20240330,1735164612,,
179,5,40,Rail Stations,Transportation,Commercial,0,9e5bd34f-933b-4a61-8d48-c5c37c5b5cbd,2022-01-18T21:37:42.2223572+00:00,2022-01-18T21:37:42.2223572+00:00,VOd7ALuXooLZ7wAAAAAAAA==,dbs/VOd7AA==/colls/VOd7ALuXooI=/docs/VOd7ALuXooLZ7wAAAAAAAA==/,"""2a00228f-0000-0200-0000-676c82c40000""",attachments/,projectType,20240330,1735164612,,
180,5,41,Police Stations,Government,Commercial,0,82a7c9e0-29cb-4cba-8194-005fd610a59e,2022-01-18T21:37:42.3205203+00:00,2022-01-18T21:37:42.3205204+00:00,VOd7ALuXooLa7wAAAAAAAA==,dbs/VOd7AA==/colls/VOd7ALuXooI=/docs/VOd7ALuXooLa7wAAAAAAAA==/,"""2a00238f-0000-0200-0000-676c82c40000""",attachments/,projectType,20240330,1735164612,,
181,5,42,Customs and Immigration Building,Government,Commercial,0,7d800f60-da66-43f7-b6d4-fba8e0c9f465,2022-01-18T21:37:42.4212196+00:00,2022-01-18T21:37:42.4212196+00:00,VOd7ALuXooLb7wAAAAAAAA==,dbs/VOd7AA==/colls/VOd7ALuXooI=/docs/VOd7ALuXooLb7wAAAAAAAA==/,"""2a00248f-0000-0200-0000-676c82c40000""",attachments/,projectType,20240330,1735164612,,
182,5,43,Cemetery Chapels,Religious,Commercial,0,59dc59c1-e304-4c21-9e6c-0636ab9c3909,2022-01-18T21:37:42.5221439+00:00,2022-01-18T21:37:42.522144+00:00,VOd7ALuXooLc7wAAAAAAAA==,dbs/VOd7AA==/colls/VOd7ALuXooI=/docs/VOd7ALuXooLc7wAAAAAAAA==/,"""2a00258f-0000-0200-0000-676c82c40000""",attachments/,projectType,20240330,1735164612,,
183,5,44,Mausoleums,Retail,Commercial,0,2422ecdf-9b4a-4c8a-b11b-5f8cdddb83b9,2022-01-18T21:37:42.6202773+00:00,2022-01-18T21:37:42.6202774+00:00,VOd7ALuXooLd7wAAAAAAAA==,dbs/VOd7AA==/colls/VOd7ALuXooI=/docs/VOd7ALuXooLd7wAAAAAAAA==/,"""2a00268f-0000-0200-0000-676c82c40000""",attachments/,projectType,20240330,1735164612,,
184,5,45,Crematoriums,Retail,Commercial,0,900b548f-a471-4ea2-80ca-496ce751a600,2022-01-18T21:37:42.7219717+00:00,2022-01-18T21:37:42.7219718+00:00,VOd7ALuXooLe7wAAAAAAAA==,dbs/VOd7AA==/colls/VOd7ALuXooI=/docs/VOd7ALuXooLe7wAAAAAAAA==/,"""2a00278f-0000-0200-0000-676c82c40000""",attachments/,projectType,20240330,1735164612,,
185,5,46,Airport Terminals,Transportation,Commercial,0,be9fa3f8-6345-4e5a-a4a1-8ac089f5ea9f,2022-01-18T21:37:42.8201372+00:00,2022-01-18T21:37:42.8201373+00:00,VOd7ALuXooLf7wAAAAAAAA==,dbs/VOd7AA==/colls/VOd7ALuXooI=/docs/VOd7ALuXooLf7wAAAAAAAA==/,"""2a00288f-0000-0200-0000-676c82c40000""",attachments/,projectType,20240330,1735164612,,
186,5,47,Transportation Terminals,Transportation,Commercial,0,515b8db3-b924-4d2d-bc18-3e8c175559eb,2022-01-18T21:37:42.9244544+00:00,2022-01-18T21:37:42.9244545+00:00,VOd7ALuXooLg7wAAAAAAAA==,dbs/VOd7AA==/colls/VOd7ALuXooI=/docs/VOd7ALuXooLg7wAAAAAAAA==/,"""2a00298f-0000-0200-0000-676c82c40000""",attachments/,projectType,20240330,1735164612,,
187,5,48,Chapels,Religious,Commercial,1,c2746a5d-1cf1-49aa-a829-6f2ad28b2d1e,2022-01-18T21:37:43.0214734+00:00,2022-01-18T21:37:43.0214735+00:00,VOd7ALuXooLh7wAAAAAAAA==,dbs/VOd7AA==/colls/VOd7ALuXooI=/docs/VOd7ALuXooLh7wAAAAAAAA==/,"""2a002a8f-0000-0200-0000-676c82c40000""",attachments/,projectType,20240330,1735164612,,
188,5,49,Religious Auditoriums,Religious,Commercial,1,45ca91cb-42da-4ce6-9fb0-b588c7e10c11,2022-01-18T21:37:43.1234654+00:00,2022-01-18T21:37:43.1234655+00:00,VOd7ALuXooLi7wAAAAAAAA==,dbs/VOd7AA==/colls/VOd7ALuXooI=/docs/VOd7ALuXooLi7wAAAAAAAA==/,"""2a002b8f-0000-0200-0000-676c82c40000""",attachments/,projectType,20240330,1735164612,,
189,5,50,Religious Classrooms,Religious,Commercial,1,f83828e2-f60f-4f09-ad03-606295b5ee31,2022-01-18T21:37:43.2452127+00:00,2022-01-18T21:37:43.2452128+00:00,VOd7ALuXooLj7wAAAAAAAA==,dbs/VOd7AA==/colls/VOd7ALuXooI=/docs/VOd7ALuXooLj7wAAAAAAAA==/,"""2a002c8f-0000-0200-0000-676c82c40000""",attachments/,projectType,20240330,1735164612,,
190,5,51,Veterinary Clinics,Veterinary,Commercial,1,ed7adc5d-d5bd-4adf-9e95-ea7ef900ad6d,2022-01-18T21:37:43.3226257+00:00,2022-01-18T21:37:43.3226258+00:00,VOd7ALuXooLk7wAAAAAAAA==,dbs/VOd7AA==/colls/VOd7ALuXooI=/docs/VOd7ALuXooLk7wAAAAAAAA==/,"""2a002d8f-0000-0200-0000-676c82c40000""",attachments/,projectType,20240330,1735164612,,
191,6,10,Hospitals,Medical,Commercial,0,501b6d78-db99-4441-8ba5-7452575324c3,2022-01-18T21:37:43.4213371+00:00,2022-01-18T21:37:43.4213372+00:00,VOd7ALuXooLl7wAAAAAAAA==,dbs/VOd7AA==/colls/VOd7ALuXooI=/docs/VOd7ALuXooLl7wAAAAAAAA==/,"""2a002e8f-0000-0200-0000-676c82c40000""",attachments/,projectType,20240330,1735164612,,
192,6,11,Radio or TV Facility,Entertainment,Commercial,0,87b6efd0-53ec-4f41-ad2e-9eae69db694a,2022-01-18T21:37:43.519046+00:00,2022-01-18T21:37:43.5190461+00:00,VOd7ALuXooLm7wAAAAAAAA==,dbs/VOd7AA==/colls/VOd7ALuXooI=/docs/VOd7ALuXooLm7wAAAAAAAA==/,"""2a002f8f-0000-0200-0000-676c82c40000""",attachments/,projectType,20240330,1735164612,,
193,6,12,Art Gallery,Entertainment,Commercial,0,10418307-3917-4861-be7f-8431fc831167,2022-01-18T21:37:43.6195721+00:00,2022-01-18T21:37:43.6195722+00:00,VOd7ALuXooLn7wAAAAAAAA==,dbs/VOd7AA==/colls/VOd7ALuXooI=/docs/VOd7ALuXooLn7wAAAAAAAA==/,"""2a00308f-0000-0200-0000-676c82c40000""",attachments/,projectType,20240330,1735164612,,
194,6,13,Museums,Community Buildings,Commercial,0,4d79b245-f8b2-4de1-9d39-5273de949143,2022-01-18T21:37:43.7200735+00:00,2022-01-18T21:37:43.7200736+00:00,VOd7ALuXooLo7wAAAAAAAA==,dbs/VOd7AA==/colls/VOd7ALuXooI=/docs/VOd7ALuXooLo7wAAAAAAAA==/,"""2a00318f-0000-0200-0000-676c82c40000""",attachments/,projectType,20240330,1735164612,,
195,6,14,Observatory,Community Buildings,Commercial,0,9c790464-1253-4330-86f6-e10036c37e53,2022-01-18T21:37:43.8211838+00:00,2022-01-18T21:37:43.8211839+00:00,VOd7ALuXooLp7wAAAAAAAA==,dbs/VOd7AA==/colls/VOd7ALuXooI=/docs/VOd7ALuXooLp7wAAAAAAAA==/,"""2a00328f-0000-0200-0000-676c82c40000""",attachments/,projectType,20240330,1735164612,,
196,6,15,Planetarium,Community Buildings,Commercial,0,4ad35877-e5a0-4a69-9888-9d9084792c05,2022-01-18T21:37:43.9215427+00:00,2022-01-18T21:37:43.9215428+00:00,VOd7ALuXooLq7wAAAAAAAA==,dbs/VOd7AA==/colls/VOd7ALuXooI=/docs/VOd7ALuXooLq7wAAAAAAAA==/,"""2a00338f-0000-0200-0000-676c82c40000""",attachments/,projectType,20240330,1735164612,,
197,6,16,Aquarium,Entertainment,Commercial,0,06a0f9e0-353a-46ac-ab1a-12ec562c2957,2022-01-18T21:37:44.0190322+00:00,2022-01-18T21:37:44.0190323+00:00,VOd7ALuXooLr7wAAAAAAAA==,dbs/VOd7AA==/colls/VOd7ALuXooI=/docs/VOd7ALuXooLr7wAAAAAAAA==/,"""2a00348f-0000-0200-0000-676c82c40000""",attachments/,projectType,20240330,1735164612,,
198,6,17,Science Building,Industrial,Commercial,0,ffc68129-20f4-4176-8b41-fa427bee3421,2022-01-18T21:37:44.1204166+00:00,2022-01-18T21:37:44.1204167+00:00,VOd7ALuXooLs7wAAAAAAAA==,dbs/VOd7AA==/colls/VOd7ALuXooI=/docs/VOd7ALuXooLs7wAAAAAAAA==/,"""2a00358f-0000-0200-0000-676c82c40000""",attachments/,projectType,20240330,1735164612,,
199,6,18,Laboratories,Industrial,Commercial,0,4824455d-6624-4a88-bb99-6771dd4a7e5b,2022-01-18T21:37:44.2197078+00:00,2022-01-18T21:37:44.219708+00:00,VOd7ALuXooLt7wAAAAAAAA==,dbs/VOd7AA==/colls/VOd7ALuXooI=/docs/VOd7ALuXooLt7wAAAAAAAA==/,"""2a00368f-0000-0200-0000-676c82c40000""",attachments/,projectType,20240330,1735164612,,
200,6,19,Weather Station,Industrial,Commercial,0,f0f5f756-a106-41c5-954b-4be1fae2d539,2022-01-18T21:37:44.3202162+00:00,2022-01-18T21:37:44.3202163+00:00,VOd7ALuXooLu7wAAAAAAAA==,dbs/VOd7AA==/colls/VOd7ALuXooI=/docs/VOd7ALuXooLu7wAAAAAAAA==/,"""2a00378f-0000-0200-0000-676c82c40000""",attachments/,projectType,20240330,1735164612,,
201,6,20,Combined Flight Services,Transportation,Commercial,0,e24728c4-0878-4a17-9521-fc6bda4ceb67,2022-01-18T21:37:44.418542+00:00,2022-01-18T21:37:44.4185421+00:00,VOd7ALuXooLv7wAAAAAAAA==,dbs/VOd7AA==/colls/VOd7ALuXooI=/docs/VOd7ALuXooLv7wAAAAAAAA==/,"""2a00388f-0000-0200-0000-676c82c50000""",attachments/,projectType,20240330,1735164613,,
202,6,21,Chronic Care Facility,Medical,Commercial,0,5d3bf193-7332-46db-b38b-010c1cc0d4f7,2022-01-18T21:37:44.5256217+00:00,2022-01-18T21:37:44.5256218+00:00,VOd7ALuXooLw7wAAAAAAAA==,dbs/VOd7AA==/colls/VOd7ALuXooI=/docs/VOd7ALuXooLw7wAAAAAAAA==/,"""2a00398f-0000-0200-0000-676c82c50000""",attachments/,projectType,20240330,1735164613,,
203,6,22,Passenger Services Building,Transportation,Commercial,0,76c8c4c7-0613-493e-baa8-9fd71db2d58d,2022-01-18T21:37:44.6222392+00:00,2022-01-18T21:37:44.6222393+00:00,VOd7ALuXooLx7wAAAAAAAA==,dbs/VOd7AA==/colls/VOd7ALuXooI=/docs/VOd7ALuXooLx7wAAAAAAAA==/,"""2a003a8f-0000-0200-0000-676c82c50000""",attachments/,projectType,20240330,1735164613,,
204,6,23,Radar Building,Industrial,Commercial,0,349cfbfc-d542-49fc-b2cb-5290ad36a2eb,2022-01-18T21:37:44.72811+00:00,2022-01-18T21:37:44.72811+00:00,VOd7ALuXooLy7wAAAAAAAA==,dbs/VOd7AA==/colls/VOd7ALuXooI=/docs/VOd7ALuXooLy7wAAAAAAAA==/,"""2a003b8f-0000-0200-0000-676c82c50000""",attachments/,projectType,20240330,1735164613,,
205,6,24,Air Traffic Services School,Industrial,Commercial,0,ce245135-c7a3-452f-9c1a-fb23ab7a79b4,2022-01-18T21:37:44.8204239+00:00,2022-01-18T21:37:44.8204239+00:00,VOd7ALuXooLz7wAAAAAAAA==,dbs/VOd7AA==/colls/VOd7ALuXooI=/docs/VOd7ALuXooLz7wAAAAAAAA==/,"""2a003c8f-0000-0200-0000-676c82c50000""",attachments/,projectType,20240330,1735164613,,
206,6,25,Meteorological Services Building,Community Buildings,Commercial,0,28f68417-4c55-4c43-b561-e6ba57881f52,2022-01-18T21:37:44.9192303+00:00,2022-01-18T21:37:44.9192304+00:00,VOd7ALuXooL07wAAAAAAAA==,dbs/VOd7AA==/colls/VOd7ALuXooI=/docs/VOd7ALuXooL07wAAAAAAAA==/,"""2a003d8f-0000-0200-0000-676c82c50000""",attachments/,projectType,20240330,1735164613,,
207,6,26,Specialized Parks Building,Community Buildings,Commercial,0,6026db6c-e642-4f57-b8d0-9c6fb79e285d,2022-01-18T21:37:45.0191778+00:00,2022-01-18T21:37:45.0191778+00:00,VOd7ALuXooL17wAAAAAAAA==,dbs/VOd7AA==/colls/VOd7ALuXooI=/docs/VOd7ALuXooL17wAAAAAAAA==/,"""2a003e8f-0000-0200-0000-676c82c50000""",attachments/,projectType,20240330,1735164613,,
208,6,27,Park Administration Building,Community Buildings,Commercial,0,debb4f38-78d1-432f-bb78-98d5931bc2d4,2022-01-18T21:37:45.1184856+00:00,2022-01-18T21:37:45.1184856+00:00,VOd7ALuXooL27wAAAAAAAA==,dbs/VOd7AA==/colls/VOd7ALuXooI=/docs/VOd7ALuXooL27wAAAAAAAA==/,"""2a003f8f-0000-0200-0000-676c82c50000""",attachments/,projectType,20240330,1735164613,,
209,6,28,Beach Change House and Washrooms,Community Buildings,Commercial,0,e1fc1dbd-bdd1-4654-8495-04ead8c9f0dd,2022-01-18T21:37:45.2202095+00:00,2022-01-18T21:37:45.2202095+00:00,VOd7ALuXooL37wAAAAAAAA==,dbs/VOd7AA==/colls/VOd7ALuXooI=/docs/VOd7ALuXooL37wAAAAAAAA==/,"""2a00408f-0000-0200-0000-676c82c50000""",attachments/,projectType,20240330,1735164613,,
210,6,29,Amphitheatre,Entertainment,Commercial,0,18dbbede-399e-4482-826e-d9a2942327ac,2022-01-18T21:37:45.3192287+00:00,2022-01-18T21:37:45.3192288+00:00,VOd7ALuXooL47wAAAAAAAA==,dbs/VOd7AA==/colls/VOd7ALuXooI=/docs/VOd7ALuXooL47wAAAAAAAA==/,"""2a00418f-0000-0200-0000-676c82c50000""",attachments/,projectType,20240330,1735164613,,
211,6,30,Park Warden Station ,Entertainment,Commercial,0,0f596f79-936a-4c9b-ab82-fc89928dcb2a,2022-01-18T21:37:45.4222584+00:00,2022-01-18T21:37:45.4222584+00:00,VOd7ALuXooL57wAAAAAAAA==,dbs/VOd7AA==/colls/VOd7ALuXooI=/docs/VOd7ALuXooL57wAAAAAAAA==/,"""2a00428f-0000-0200-0000-676c82c50000""",attachments/,projectType,20240330,1735164613,,
212,6,31,Kitchen Shelter,Community Buildings,Commercial,0,3eee50aa-fb0f-4aab-8568-4249dbd187ad,2022-01-18T21:37:45.5211565+00:00,2022-01-18T21:37:45.5211565+00:00,VOd7ALuXooL67wAAAAAAAA==,dbs/VOd7AA==/colls/VOd7ALuXooI=/docs/VOd7ALuXooL67wAAAAAAAA==/,"""2a00438f-0000-0200-0000-676c82c50000""",attachments/,projectType,20240330,1735164613,,
213,6,32,Psychiatric Facility,Medical,Commercial,0,6d2997bb-5c30-46e4-90f6-541bbfade91a,2022-01-18T21:37:45.6194569+00:00,2022-01-18T21:37:45.6194569+00:00,VOd7ALuXooL77wAAAAAAAA==,dbs/VOd7AA==/colls/VOd7ALuXooI=/docs/VOd7ALuXooL77wAAAAAAAA==/,"""2a00448f-0000-0200-0000-676c82c50000""",attachments/,projectType,20240330,1735164613,,
214,6,33,Official Government Residence,Government,Commercial,0,353a844d-f92c-4155-afca-5af4d63c9a04,2022-01-18T21:37:45.7217202+00:00,2022-01-18T21:37:45.7217203+00:00,VOd7ALuXooL87wAAAAAAAA==,dbs/VOd7AA==/colls/VOd7ALuXooI=/docs/VOd7ALuXooL87wAAAAAAAA==/,"""2a00458f-0000-0200-0000-676c82c50000""",attachments/,projectType,20240330,1735164613,,
215,6,34,Consulate,Government,Commercial,0,4064630e-2a92-4cb7-8802-054c41883650,2022-01-18T21:37:45.8224038+00:00,2022-01-18T21:37:45.8224039+00:00,VOd7ALuXooL97wAAAAAAAA==,dbs/VOd7AA==/colls/VOd7ALuXooI=/docs/VOd7ALuXooL97wAAAAAAAA==/,"""2a00468f-0000-0200-0000-676c82c50000""",attachments/,projectType,20240330,1735164613,,
216,6,35,Embassy,Government,Commercial,0,417c74b2-c566-4574-bc26-f1bcafb55573,2022-01-18T21:37:45.9208554+00:00,2022-01-18T21:37:45.9208555+00:00,VOd7ALuXooL+7wAAAAAAAA==,dbs/VOd7AA==/colls/VOd7ALuXooI=/docs/VOd7ALuXooL+7wAAAAAAAA==/,"""2a00478f-0000-0200-0000-676c82c50000""",attachments/,projectType,20240330,1735164613,,
217,6,36,Custom Residence,Residential,Commercial,0,76da1e67-a228-41d6-89b7-322ef68f9250,2022-01-18T21:37:46.0204164+00:00,2022-01-18T21:37:46.0204164+00:00,VOd7ALuXooL-7wAAAAAAAA==,dbs/VOd7AA==/colls/VOd7ALuXooI=/docs/VOd7ALuXooL-7wAAAAAAAA==/,"""2a00488f-0000-0200-0000-676c82c50000""",attachments/,projectType,20240330,1735164613,,
218,6,37,Custom Swimming Pool,Retail,Commercial,0,877e0765-64ef-418b-a087-56bd58ba3645,2022-01-18T21:37:46.1210386+00:00,2022-01-18T21:37:46.1210386+00:00,VOd7ALuXooIA8AAAAAAAAA==,dbs/VOd7AA==/colls/VOd7ALuXooI=/docs/VOd7ALuXooIA8AAAAAAAAA==/,"""2a00498f-0000-0200-0000-676c82c50000""",attachments/,projectType,20240330,1735164613,,
219,6,38,Medical Research Facility,Medical,Commercial,0,95c3b89b-a7a3-4d22-baa6-ac886da5b11e,2022-01-18T21:37:46.2198553+00:00,2022-01-18T21:37:46.2198553+00:00,VOd7ALuXooIB8AAAAAAAAA==,dbs/VOd7AA==/colls/VOd7ALuXooI=/docs/VOd7ALuXooIB8AAAAAAAAA==/,"""2a004a8f-0000-0200-0000-676c82c50000""",attachments/,projectType,20240330,1735164613,,
220,6,39,Dental Building,Medical,Commercial,0,2cad093b-ff8f-42bc-ad8c-439433035c47,2022-01-18T21:37:46.3211608+00:00,2022-01-18T21:37:46.3211609+00:00,VOd7ALuXooIC8AAAAAAAAA==,dbs/VOd7AA==/colls/VOd7ALuXooI=/docs/VOd7ALuXooIC8AAAAAAAAA==/,"""2a004b8f-0000-0200-0000-676c82c50000""",attachments/,projectType,20240330,1735164613,,
221,6,40,Clinics,Medical,Commercial,0,420a0129-1dc2-4de1-826e-66a0e29a77b6,2022-01-18T21:37:46.4209061+00:00,2022-01-18T21:37:46.4209061+00:00,VOd7ALuXooID8AAAAAAAAA==,dbs/VOd7AA==/colls/VOd7ALuXooI=/docs/VOd7ALuXooID8AAAAAAAAA==/,"""2a004c8f-0000-0200-0000-676c82c50000""",attachments/,projectType,20240330,1735164613,,
222,6,41,Veterinary Hospitals,Veterinary,Commercial,0,5ad7a4f7-a84a-4559-a604-d363695b99ca,2022-01-18T21:37:46.5200111+00:00,2022-01-18T21:37:46.5200112+00:00,VOd7ALuXooIE8AAAAAAAAA==,dbs/VOd7AA==/colls/VOd7ALuXooI=/docs/VOd7ALuXooIE8AAAAAAAAA==/,"""2a004d8f-0000-0200-0000-676c82c50000""",attachments/,projectType,20240330,1735164613,,
223,6,42,Radiology,Medical,Commercial,0,e9e71401-8ccf-496a-bde4-932e7e12d9df,2022-01-18T21:37:46.6205687+00:00,2022-01-18T21:37:46.6205687+00:00,VOd7ALuXooIF8AAAAAAAAA==,dbs/VOd7AA==/colls/VOd7ALuXooI=/docs/VOd7ALuXooIF8AAAAAAAAA==/,"""2a004e8f-0000-0200-0000-676c82c50000""",attachments/,projectType,20240330,1735164613,,
224,6,43,Communications Buildings,Retail,Commercial,0,3379e5b7-4a71-454a-bd70-9aec0da26f30,2022-01-18T21:37:46.7201309+00:00,2022-01-18T21:37:46.720131+00:00,VOd7ALuXooIG8AAAAAAAAA==,dbs/VOd7AA==/colls/VOd7ALuXooI=/docs/VOd7ALuXooIG8AAAAAAAAA==/,"""2a004f8f-0000-0200-0000-676c82c50000""",attachments/,projectType,20240330,1735164613,,
225,6,44,Governmental Offices,Government,Commercial,1,cea45a9e-d406-4f3a-8efd-f2c7ca810822,2022-01-18T21:37:46.8212186+00:00,2022-01-18T21:37:46.8212186+00:00,VOd7ALuXooIH8AAAAAAAAA==,dbs/VOd7AA==/colls/VOd7ALuXooI=/docs/VOd7ALuXooIH8AAAAAAAAA==/,"""2a00508f-0000-0200-0000-676c82c50000""",attachments/,projectType,20240330,1735164613,,
226,6,45,Miscellaneous Government Buildings,Government,Commercial,1,bf952b59-728c-41b2-9ee5-606a6f5581f1,2022-01-18T21:37:46.922688+00:00,2022-01-18T21:37:46.9226881+00:00,VOd7ALuXooII8AAAAAAAAA==,dbs/VOd7AA==/colls/VOd7ALuXooI=/docs/VOd7ALuXooII8AAAAAAAAA==/,"""2a00518f-0000-0200-0000-676c82c50000""",attachments/,projectType,20240330,1735164613,,
227,6,46,Medical Offices,Medical,Commercial,1,78e5d7aa-7892-4a70-a010-85e62435ca27,2022-01-18T21:37:47.0202165+00:00,2022-01-18T21:37:47.0202166+00:00,VOd7ALuXooIJ8AAAAAAAAA==,dbs/VOd7AA==/colls/VOd7ALuXooI=/docs/VOd7ALuXooIJ8AAAAAAAAA==/,"""2a00528f-0000-0200-0000-676c82c50000""",attachments/,projectType,20240330,1735164613,,
228,6,47,Nursing Homes,Medical,Commercial,1,d9c8ad53-3eb3-4113-9dbd-e6553b6690ff,2022-01-18T21:37:47.1240843+00:00,2022-01-18T21:37:47.1240844+00:00,VOd7ALuXooIK8AAAAAAAAA==,dbs/VOd7AA==/colls/VOd7ALuXooI=/docs/VOd7ALuXooIK8AAAAAAAAA==/,"""2a00538f-0000-0200-0000-676c82c50000""",attachments/,projectType,20240330,1735164613,,
229,6,48,Outpatient Surgery Centers,Medical,Commercial,1,90f081ee-8cb9-4a19-852a-964a3efb2050,2022-01-18T21:37:47.2191411+00:00,2022-01-18T21:37:47.2191412+00:00,VOd7ALuXooIL8AAAAAAAAA==,dbs/VOd7AA==/colls/VOd7ALuXooI=/docs/VOd7ALuXooIL8AAAAAAAAA==/,"""2a00548f-0000-0200-0000-676c82c50000""",attachments/,projectType,20240330,1735164613,,
230,6,49,Rehabilitation Centers,Medical,Commercial,1,ceb8a1d2-5fad-4209-b94f-2e03354eba0f,2022-01-18T21:37:47.3202628+00:00,2022-01-18T21:37:47.3202629+00:00,VOd7ALuXooIM8AAAAAAAAA==,dbs/VOd7AA==/colls/VOd7ALuXooI=/docs/VOd7ALuXooIM8AAAAAAAAA==/,"""2a00558f-0000-0200-0000-676c82c50000""",attachments/,projectType,20240330,1735164613,,
231,7,10,Emergency Operations Center,Medical,Commercial,0,1d290c75-0aa4-402d-804b-cbf5e7281c4e,2022-01-18T21:37:47.419466+00:00,2022-01-18T21:37:47.4194661+00:00,VOd7ALuXooIN8AAAAAAAAA==,dbs/VOd7AA==/colls/VOd7ALuXooI=/docs/VOd7ALuXooIN8AAAAAAAAA==/,"""2a00568f-0000-0200-0000-676c82c50000""",attachments/,projectType,20240330,1735164613,,
232,7,11,Opera House,Entertainment,Commercial,0,8f8226cf-d79b-401c-8003-ce520c983abb,2022-01-18T21:37:47.5213666+00:00,2022-01-18T21:37:47.5213666+00:00,VOd7ALuXooIO8AAAAAAAAA==,dbs/VOd7AA==/colls/VOd7ALuXooI=/docs/VOd7ALuXooIO8AAAAAAAAA==/,"""2a00578f-0000-0200-0000-676c82c50000""",attachments/,projectType,20240330,1735164613,,
233,7,12,Critical Care Facility,Medical,Commercial,0,db7ec9e2-520f-426b-b6f4-b27e142b8c79,2022-01-18T21:37:47.6205766+00:00,2022-01-18T21:37:47.6205767+00:00,VOd7ALuXooIP8AAAAAAAAA==,dbs/VOd7AA==/colls/VOd7ALuXooI=/docs/VOd7ALuXooIP8AAAAAAAAA==/,"""2a00588f-0000-0200-0000-676c82c50000""",attachments/,projectType,20240330,1735164613,,
234,7,13,Data Centers,Electrical & Mechanical,Commercial,0,44960226-e785-429b-a3df-f55fe0c83517,2022-01-18T21:37:47.7226525+00:00,2022-01-18T21:37:47.7226525+00:00,VOd7ALuXooIQ8AAAAAAAAA==,dbs/VOd7AA==/colls/VOd7ALuXooI=/docs/VOd7ALuXooIQ8AAAAAAAAA==/,"""2a00598f-0000-0200-0000-676c82c50000""",attachments/,projectType,20240330,1735164613,,
235,7,14,Computer Center,Industrial,Commercial,0,864f5e49-a846-47ea-abc9-f9821394b884,2022-01-18T21:37:47.8201284+00:00,2022-01-18T21:37:47.8201284+00:00,VOd7ALuXooIR8AAAAAAAAA==,dbs/VOd7AA==/colls/VOd7ALuXooI=/docs/VOd7ALuXooIR8AAAAAAAAA==/,"""2a005a8f-0000-0200-0000-676c82c60000""",attachments/,projectType,20240330,1735164614,,
236,7,15,Maximum Security Correction Institution,Government,Commercial,0,53a8ed76-1a54-4946-9491-7a7edb978ebc,2022-01-18T21:37:47.9220178+00:00,2022-01-18T21:37:47.9220179+00:00,VOd7ALuXooIS8AAAAAAAAA==,dbs/VOd7AA==/colls/VOd7ALuXooI=/docs/VOd7ALuXooIS8AAAAAAAAA==/,"""2a005b8f-0000-0200-0000-676c82c60000""",attachments/,projectType,20240330,1735164614,,
237,7,16,Decorative Work,Entertainment,Commercial,0,551fc4a8-b98a-4a43-8ed4-fee1a2e0d8d4,2022-01-18T21:37:48.0491243+00:00,2022-01-18T21:37:48.0491243+00:00,VOd7ALuXooIT8AAAAAAAAA==,dbs/VOd7AA==/colls/VOd7ALuXooI=/docs/VOd7ALuXooIT8AAAAAAAAA==/,"""2a005c8f-0000-0200-0000-676c82c60000""",attachments/,projectType,20240330,1735164614,,
238,7,17,Exhibition Display,Retail,Commercial,0,648b193d-2b9c-4e44-8a27-f3072a0f61e0,2022-01-18T21:37:48.1206633+00:00,2022-01-18T21:37:48.1206633+00:00,VOd7ALuXooIU8AAAAAAAAA==,dbs/VOd7AA==/colls/VOd7ALuXooI=/docs/VOd7ALuXooIU8AAAAAAAAA==/,"""2a005d8f-0000-0200-0000-676c82c60000""",attachments/,projectType,20240330,1735164614,,
239,7,18,Public Garden,Retail,Commercial,0,84f7d321-2ad0-4f74-afd5-fde631fa3c68,2022-01-18T21:37:48.2192219+00:00,2022-01-18T21:37:48.2192219+00:00,VOd7ALuXooIV8AAAAAAAAA==,dbs/VOd7AA==/colls/VOd7ALuXooI=/docs/VOd7ALuXooIV8AAAAAAAAA==/,"""2a005e8f-0000-0200-0000-676c82c60000""",attachments/,projectType,20240330,1735164614,,
240,7,19,Promenade,Retail,Commercial,0,eaf0ade3-d94c-4f25-9ba1-b7371b958f8d,2022-01-18T21:37:48.3212063+00:00,2022-01-18T21:37:48.3212064+00:00,VOd7ALuXooIW8AAAAAAAAA==,dbs/VOd7AA==/colls/VOd7ALuXooI=/docs/VOd7ALuXooIW8AAAAAAAAA==/,"""2a005f8f-0000-0200-0000-676c82c60000""",attachments/,projectType,20240330,1735164614,,
241,7,20,Fountain,Retail,Commercial,0,28a8ab86-d4a8-4fd6-8e4d-a9a397db3284,2022-01-18T21:37:48.4200911+00:00,2022-01-18T21:37:48.4200912+00:00,VOd7ALuXooIX8AAAAAAAAA==,dbs/VOd7AA==/colls/VOd7ALuXooI=/docs/VOd7ALuXooIX8AAAAAAAAA==/,"""2a00608f-0000-0200-0000-676c82c60000""",attachments/,projectType,20240330,1735164614,,
242,7,21,Commemorative and Funeral Monument,Retail,Commercial,0,227bf937-db9f-4406-a904-93f776dfcf14,2022-01-18T21:37:48.5215128+00:00,2022-01-18T21:37:48.5215129+00:00,VOd7ALuXooIY8AAAAAAAAA==,dbs/VOd7AA==/colls/VOd7ALuXooI=/docs/VOd7ALuXooIY8AAAAAAAAA==/,"""2a00618f-0000-0200-0000-676c82c60000""",attachments/,projectType,20240330,1735164614,,
243,7,22,Fortification,Government,Commercial,0,e5e1ae2e-64b2-42eb-8568-bcb9f18a7eb5,2022-01-18T21:37:48.6366927+00:00,2022-01-18T21:37:48.6366928+00:00,VOd7ALuXooIZ8AAAAAAAAA==,dbs/VOd7AA==/colls/VOd7ALuXooI=/docs/VOd7ALuXooIZ8AAAAAAAAA==/,"""2a00628f-0000-0200-0000-676c82c60000""",attachments/,projectType,20240330,1735164614,,
244,7,23,Air Traffic Control Towers,Transportation,Commercial,0,5979b7c5-2e65-4f53-9653-c40f50a9e135,2022-01-18T21:37:48.7201399+00:00,2022-01-18T21:37:48.7201399+00:00,VOd7ALuXooIa8AAAAAAAAA==,dbs/VOd7AA==/colls/VOd7ALuXooI=/docs/VOd7ALuXooIa8AAAAAAAAA==/,"""2a00638f-0000-0200-0000-676c82c60000""",attachments/,projectType,20240330,1735164614,,
245,7,24,Airport Runways/Taxiway,Civil,"Civil, Infrastructure & Landscaping",1,b5049ebb-36d7-485d-b39e-0279f431e81d,2022-01-18T21:37:48.8222463+00:00,2022-01-18T21:37:48.8222464+00:00,VOd7ALuXooIb8AAAAAAAAA==,dbs/VOd7AA==/colls/VOd7ALuXooI=/docs/VOd7ALuXooIb8AAAAAAAAA==/,"""2a00648f-0000-0200-0000-676c82c60000""",attachments/,projectType,20240330,1735164614,,
246,7,25,Railroads,Civil,"Civil, Infrastructure & Landscaping",1,eeaf9792-b9ad-41e1-ab4f-8be037d4a82e,2022-01-18T21:37:48.946469+00:00,2022-01-18T21:37:48.946469+00:00,VOd7ALuXooIc8AAAAAAAAA==,dbs/VOd7AA==/colls/VOd7ALuXooI=/docs/VOd7ALuXooIc8AAAAAAAAA==/,"""2a00658f-0000-0200-0000-676c82c60000""",attachments/,projectType,20240330,1735164614,,
247,7,26,Reservoirs,Civil,"Civil, Infrastructure & Landscaping",1,cd705776-cc36-4ffb-9eed-d9205d6b4201,2022-01-18T21:37:49.0213284+00:00,2022-01-18T21:37:49.0213284+00:00,VOd7ALuXooId8AAAAAAAAA==,dbs/VOd7AA==/colls/VOd7ALuXooI=/docs/VOd7ALuXooId8AAAAAAAAA==/,"""2a00668f-0000-0200-0000-676c82c60000""",attachments/,projectType,20240330,1735164614,,
248,7,27,Retention Dams,Civil,"Civil, Infrastructure & Landscaping",1,9d3eac0d-f951-4c1d-a1a4-9033b567a24e,2022-01-18T21:37:49.1201297+00:00,2022-01-18T21:37:49.1201297+00:00,VOd7ALuXooIe8AAAAAAAAA==,dbs/VOd7AA==/colls/VOd7ALuXooI=/docs/VOd7ALuXooIe8AAAAAAAAA==/,"""2a00678f-0000-0200-0000-676c82c60000""",attachments/,projectType,20240330,1735164614,,
249,7,28,Roads,Civil,"Civil, Infrastructure & Landscaping",1,d1a8bad5-a3fc-4353-98cc-7e672ff6d8ec,2022-01-18T21:37:49.2202173+00:00,2022-01-18T21:37:49.2202173+00:00,VOd7ALuXooIf8AAAAAAAAA==,dbs/VOd7AA==/colls/VOd7ALuXooI=/docs/VOd7ALuXooIf8AAAAAAAAA==/,"""2a00688f-0000-0200-0000-676c82c60000""",attachments/,projectType,20240330,1735164614,,
250,7,29,Subways,Civil,"Civil, Infrastructure & Landscaping",1,3df0f9b9-7fca-4193-b89f-c69b12f490ce,2022-01-18T21:37:49.3209991+00:00,2022-01-18T21:37:49.3209992+00:00,VOd7ALuXooIg8AAAAAAAAA==,dbs/VOd7AA==/colls/VOd7ALuXooI=/docs/VOd7ALuXooIg8AAAAAAAAA==/,"""2a006a8f-0000-0200-0000-676c82c60000""",attachments/,projectType,20240330,1735164614,,
251,7,30,Tunnels,Civil,"Civil, Infrastructure & Landscaping",1,4e0d76fb-1851-4eea-bacd-04c397fe5689,2022-01-18T21:37:49.4199161+00:00,2022-01-18T21:37:49.4199162+00:00,VOd7ALuXooIh8AAAAAAAAA==,dbs/VOd7AA==/colls/VOd7ALuXooI=/docs/VOd7ALuXooIh8AAAAAAAAA==/,"""2a006b8f-0000-0200-0000-676c82c60000""",attachments/,projectType,20240330,1735164614,,
252,7,31,Golf Courses,Site Work & Landscaping,"Civil, Infrastructure & Landscaping",1,957c4398-27f5-4022-9daf-915cf926f8de,2022-01-18T21:37:49.5212419+00:00,2022-01-18T21:37:49.5212419+00:00,VOd7ALuXooIi8AAAAAAAAA==,dbs/VOd7AA==/colls/VOd7ALuXooI=/docs/VOd7ALuXooIi8AAAAAAAAA==/,"""2a006c8f-0000-0200-0000-676c82c60000""",attachments/,projectType,20240330,1735164614,,
253,7,32,Municipal Water and Wastewater Facilities,Water & Sewer,"Civil, Infrastructure & Landscaping",1,d92accc5-0f88-4784-b6d9-c0cf15d7efaa,2022-01-18T21:37:49.6202282+00:00,2022-01-18T21:37:49.6202282+00:00,VOd7ALuXooIj8AAAAAAAAA==,dbs/VOd7AA==/colls/VOd7ALuXooI=/docs/VOd7ALuXooIj8AAAAAAAAA==/,"""2a006d8f-0000-0200-0000-676c82c60000""",attachments/,projectType,20240330,1735164614,,
254,7,33,Convention Centers,Community Buildings,Commercial,1,7a59ab87-cb2c-49a6-b538-13022f1cfe4e,2022-01-18T21:37:49.7218507+00:00,2022-01-18T21:37:49.7218508+00:00,VOd7ALuXooIk8AAAAAAAAA==,dbs/VOd7AA==/colls/VOd7ALuXooI=/docs/VOd7ALuXooIk8AAAAAAAAA==/,"""2a006e8f-0000-0200-0000-676c82c60000""",attachments/,projectType,20240330,1735164614,,
255,7,34,Cafeterias,Educational,Commercial,1,30130398-b82e-4557-bd24-ca4720a31ec2,2022-01-18T21:37:49.8205402+00:00,2022-01-18T21:37:49.8205403+00:00,VOd7ALuXooIl8AAAAAAAAA==,dbs/VOd7AA==/colls/VOd7ALuXooI=/docs/VOd7ALuXooIl8AAAAAAAAA==/,"""2a006f8f-0000-0200-0000-676c82c60000""",attachments/,projectType,20240330,1735164614,,
256,7,35,Electrical Work,Electrical & Mechanical,Commercial,1,bebdfa3b-a8a0-47bb-855f-bd7610afd290,2022-01-18T21:37:49.9220027+00:00,2022-01-18T21:37:49.9220028+00:00,VOd7ALuXooIm8AAAAAAAAA==,dbs/VOd7AA==/colls/VOd7ALuXooI=/docs/VOd7ALuXooIm8AAAAAAAAA==/,"""2a00708f-0000-0200-0000-676c82c60000""",attachments/,projectType,20240330,1735164614,,
257,7,36,Power Lines,Electrical & Mechanical,Commercial,1,5488a192-0942-4aeb-8cd7-3728f8a2f4bd,2022-01-18T21:37:50.0211603+00:00,2022-01-18T21:37:50.0211604+00:00,VOd7ALuXooIn8AAAAAAAAA==,dbs/VOd7AA==/colls/VOd7ALuXooI=/docs/VOd7ALuXooIn8AAAAAAAAA==/,"""2a00718f-0000-0200-0000-676c82c60000""",attachments/,projectType,20240330,1735164614,,
258,7,37,Power Stations,Electrical & Mechanical,Commercial,1,9ce97ffa-c481-4b72-8a91-c9fe1e699350,2022-01-18T21:37:50.1193206+00:00,2022-01-18T21:37:50.1193206+00:00,VOd7ALuXooIo8AAAAAAAAA==,dbs/VOd7AA==/colls/VOd7ALuXooI=/docs/VOd7ALuXooIo8AAAAAAAAA==/,"""2a00728f-0000-0200-0000-676c82c60000""",attachments/,projectType,20240330,1735164614,,
259,7,38,Substations,Electrical & Mechanical,Commercial,1,14280486-4a01-443a-971f-2ba54b01444c,2022-01-18T21:37:50.2197887+00:00,2022-01-18T21:37:50.2197887+00:00,VOd7ALuXooIp8AAAAAAAAA==,dbs/VOd7AA==/colls/VOd7ALuXooI=/docs/VOd7ALuXooIp8AAAAAAAAA==/,"""2a00738f-0000-0200-0000-676c82c60000""",attachments/,projectType,20240330,1735164614,,
260,7,39,Broadcast Studios,Entertainment,Commercial,1,67cd6fce-1eab-4b10-b2f5-ab28854123a0,2022-01-18T21:37:50.3213254+00:00,2022-01-18T21:37:50.3213254+00:00,VOd7ALuXooIq8AAAAAAAAA==,dbs/VOd7AA==/colls/VOd7ALuXooI=/docs/VOd7ALuXooIq8AAAAAAAAA==/,"""2a00748f-0000-0200-0000-676c82c60000""",attachments/,projectType,20240330,1735164614,,
261,7,40,Entertainment Complex,Entertainment,Commercial,1,af3d2969-8cf8-4f29-9aa3-d85ac52cc679,2022-01-18T21:37:50.4197971+00:00,2022-01-18T21:37:50.4197971+00:00,VOd7ALuXooIr8AAAAAAAAA==,dbs/VOd7AA==/colls/VOd7ALuXooI=/docs/VOd7ALuXooIr8AAAAAAAAA==/,"""2a00758f-0000-0200-0000-676c82c60000""",attachments/,projectType,20240330,1735164614,,
262,7,41,Television Production Studios,Entertainment,Commercial,1,b8d6f61a-a570-453a-86f9-f7a576d90bcf,2022-01-18T21:37:50.5220035+00:00,2022-01-18T21:37:50.5220035+00:00,VOd7ALuXooIs8AAAAAAAAA==,dbs/VOd7AA==/colls/VOd7ALuXooI=/docs/VOd7ALuXooIs8AAAAAAAAA==/,"""2a00768f-0000-0200-0000-676c82c60000""",attachments/,projectType,20240330,1735164614,,
263,7,42,Prisons,Government,Commercial,1,a63cf16c-fdad-4a3f-9901-ed27dacad03f,2022-01-18T21:37:50.6196619+00:00,2022-01-18T21:37:50.619662+00:00,VOd7ALuXooIt8AAAAAAAAA==,dbs/VOd7AA==/colls/VOd7ALuXooI=/docs/VOd7ALuXooIt8AAAAAAAAA==/,"""2a00778f-0000-0200-0000-676c82c60000""",attachments/,projectType,20240330,1735164614,,
264,7,43,Hatcheries,Industrial,Commercial,1,860bba6b-cecb-4abb-b68b-37fc2fdad854,2022-01-18T21:37:50.722889+00:00,2022-01-18T21:37:50.7228892+00:00,VOd7ALuXooIu8AAAAAAAAA==,dbs/VOd7AA==/colls/VOd7ALuXooI=/docs/VOd7ALuXooIu8AAAAAAAAA==/,"""2a00788f-0000-0200-0000-676c82c70000""",attachments/,projectType,20240330,1735164615,,
265,7,44,Industrial Laboratories,Industrial,Commercial,1,6fb53bb1-0009-45a2-8616-2fa744cdd38c,2022-01-18T21:37:50.8230396+00:00,2022-01-18T21:37:50.8230397+00:00,VOd7ALuXooIv8AAAAAAAAA==,dbs/VOd7AA==/colls/VOd7ALuXooI=/docs/VOd7ALuXooIv8AAAAAAAAA==/,"""2a00798f-0000-0200-0000-676c82c70000""",attachments/,projectType,20240330,1735164615,,
266,7,45,Oil Refineries,Industrial,Commercial,1,6d579be0-d76b-4a2c-abd5-3dc25123631c,2022-01-18T21:37:50.9217599+00:00,2022-01-18T21:37:50.92176+00:00,VOd7ALuXooIw8AAAAAAAAA==,dbs/VOd7AA==/colls/VOd7ALuXooI=/docs/VOd7ALuXooIw8AAAAAAAAA==/,"""2a007a8f-0000-0200-0000-676c82c70000""",attachments/,projectType,20240330,1735164615,,
267,7,46,Cathedral,Religious,Commercial,1,b6818b68-fc80-4491-a43e-a9b834ef3956,2022-01-18T21:37:51.0224602+00:00,2022-01-18T21:37:51.0224602+00:00,VOd7ALuXooIx8AAAAAAAAA==,dbs/VOd7AA==/colls/VOd7ALuXooI=/docs/VOd7ALuXooIx8AAAAAAAAA==/,"""2a007b8f-0000-0200-0000-676c82c70000""",attachments/,projectType,20240330,1735164615,,
268,99,1,residential subdivision ,Civil,"Civil, Infrastructure & Landscaping",2,6c673c2d-f311-4b78-9818-f370878e6236,2022-05-18T12:23:23.703929+00:00,2022-05-18T12:23:23.703929+00:00,VOd7ALuXooIy8AAAAAAAAA==,dbs/VOd7AA==/colls/VOd7ALuXooI=/docs/VOd7ALuXooIy8AAAAAAAAA==/,"""2a007c8f-0000-0200-0000-676c82c70000""",attachments/,projectType,20240330,1735164615,8909006b-be60-4b8c-9d28-32448267b023,
269,99,2,Aviation,Transportation,Commercial,2,05e576c8-0cef-4303-9a73-57d56a80672f,2022-05-18T15:02:47.1241487+00:00,2022-05-18T15:02:47.1241487+00:00,VOd7ALuXooIz8AAAAAAAAA==,dbs/VOd7AA==/colls/VOd7ALuXooI=/docs/VOd7ALuXooIz8AAAAAAAAA==/,"""2a007d8f-0000-0200-0000-676c82c70000""",attachments/,projectType,20240330,1735164615,c5aafa83-72ed-4a01-97d0-d2eb69c5b734,
270,99,3,Gate Reconfiguration,Transportation,Commercial,2,6e87902d-6f1a-40c8-afec-857d653769ed,2022-05-26T12:51:57.8701037+00:00,2022-05-26T12:51:57.8701037+00:00,VOd7ALuXooI08AAAAAAAAA==,dbs/VOd7AA==/colls/VOd7ALuXooI=/docs/VOd7ALuXooI08AAAAAAAAA==/,"""2a007e8f-0000-0200-0000-676c82c70000""",attachments/,projectType,20240330,1735164615,e169cb60-3737-4a1a-8ceb-11de5d3ea142,
271,99,4,Gate Reconfiguration,Transportation,Commercial,2,4d238ea7-544b-4d54-b632-64dd8da162dc,2022-05-26T13:02:24.7404694+00:00,2022-05-26T13:02:24.7404694+00:00,VOd7ALuXooI18AAAAAAAAA==,dbs/VOd7AA==/colls/VOd7ALuXooI=/docs/VOd7ALuXooI18AAAAAAAAA==/,"""2a007f8f-0000-0200-0000-676c82c70000""",attachments/,projectType,20240330,1735164615,e169cb60-3737-4a1a-8ceb-11de5d3ea142,
272,5,52,Gate Reconfiguration,Transportation,Commercial,2,97350a7b-6575-486a-9ddd-cfe8acbeeefe,2022-06-20T12:28:13.2325556+00:00,2022-06-20T12:28:13.2410177+00:00,VOd7ALuXooI28AAAAAAAAA==,dbs/VOd7AA==/colls/VOd7ALuXooI=/docs/VOd7ALuXooI28AAAAAAAAA==/,"""2a00808f-0000-0200-0000-676c82c70000""",attachments/,projectType,20240330,1735164615,,e4c237f8-bffa-4da3-a5d3-b1bd28c85204
273,5,53,Airport Cargo Facility,Offices & Warehouses,Commercial,2,a62abd36-fcb2-42a6-b4ce-277a8fc807f1,2023-01-30T19:10:55.2440679+00:00,2023-01-30T19:10:55.2557388+00:00,VOd7ALuXooI38AAAAAAAAA==,dbs/VOd7AA==/colls/VOd7ALuXooI=/docs/VOd7ALuXooI38AAAAAAAAA==/,"""2a00818f-0000-0200-0000-676c82c70000""",attachments/,projectType,20240330,1735164615,,e4c237f8-bffa-4da3-a5d3-b1bd28c85204
274,7,47,Tunnel & Bridge ,Civil,"Civil, Infrastructure & Landscaping",2,62199815-b031-4775-8172-9affb9a4b579,2023-06-28T16:35:42.8146034+00:00,2023-06-28T16:35:42.824903+00:00,VOd7ALuXooI48AAAAAAAAA==,dbs/VOd7AA==/colls/VOd7ALuXooI=/docs/VOd7ALuXooI48AAAAAAAAA==/,"""2a00828f-0000-0200-0000-676c82c70000""",attachments/,projectType,20240330,1735164615,,9ccf356c-c5c9-4d12-950d-b80e0bc2f0c7
275,6,50,Communication Devices,Offices & Warehouses,Commercial,2,296da930-8e96-46e3-9eaf-23dbe305f45c,2023-08-07T22:07:17.1687666+00:00,2023-08-07T22:07:17.1917842+00:00,VOd7ALuXooI58AAAAAAAAA==,dbs/VOd7AA==/colls/VOd7ALuXooI=/docs/VOd7ALuXooI58AAAAAAAAA==/,"""2a00838f-0000-0200-0000-676c82c70000""",attachments/,projectType,20240330,1735164615,,e4c237f8-bffa-4da3-a5d3-b1bd28c85204
276,6,51,Veterinary Shelter,Veterinary,Commercial,2,10e8b843-7202-42d9-9a98-18e96d7c284a,2023-12-06T21:58:22.1296598+00:00,2023-12-06T21:58:22.1384987+00:00,VOd7ALuXooI68AAAAAAAAA==,dbs/VOd7AA==/colls/VOd7ALuXooI=/docs/VOd7ALuXooI68AAAAAAAAA==/,"""2a00848f-0000-0200-0000-676c82c70000""",attachments/,projectType,20240330,1735164615,,e4c237f8-bffa-4da3-a5d3-b1bd28c85204
